Index,CrudeOil,ULSD,RBOB
1/4/2010,81.51,2.1905,2.1044
1/6/2010,83.18,2.2032,2.1366
1/7/2010,82.66,2.1836,2.1349
1/8/2010,82.75,2.2003,2.1553
1/11/2010,82.52,2.1801,2.1427
1/12/2010,80.79,2.1318,2.0978
1/13/2010,79.65,2.0946,2.0602
1/14/2010,79.39,2.0829,2.0738
1/15/2010,78,2.046,2.0454
1/19/2010,79.32,2.0454,2.0591
1/20/2010,77.74,2.0211,2.0465
1/21/2010,76.08,1.9975,1.9944
1/22/2010,74.54,1.953,1.9734
1/25/2010,75.26,1.975,2.0076
1/26/2010,74.71,1.9616,1.9767
1/27/2010,73.67,1.9267,1.9474
1/28/2010,73.64,1.929,1.9274
1/29/2010,72.89,1.913,1.9134
2/1/2010,74.43,1.9549,1.9321
2/2/2010,77.23,2.0317,2.0179
2/3/2010,76.98,2.0194,2.0362
2/4/2010,73.14,1.9352,1.9508
2/5/2010,71.19,1.8748,1.8864
2/8/2010,71.89,1.8855,1.894
2/9/2010,73.75,1.9373,1.929
2/10/2010,74.52,1.9469,1.929
2/11/2010,75.28,1.963,1.9357
2/12/2010,74.13,1.9189,1.9295
2/16/2010,77.01,1.9963,1.9882
2/17/2010,77.33,2.0067,2.0071
2/18/2010,79.06,2.0516,2.0692
2/19/2010,80.06,2.0699,2.0857
2/22/2010,80.31,2.0882,2.1158
2/24/2010,80,2.0539,2.2067
2/25/2010,78.17,1.9986,2.1477
2/26/2010,79.66,2.0353,2.1879
3/1/2010,78.7,2.0235,2.1556
3/2/2010,79.68,2.0561,2.1966
3/3/2010,80.87,2.0937,2.2476
3/4/2010,80.21,2.0687,2.2337
3/5/2010,81.5,2.0974,2.271
3/8/2010,81.87,2.1055,2.2892
3/9/2010,81.49,2.0898,2.2603
3/10/2010,82.09,2.1162,2.2851
3/11/2010,82.11,2.115,2.272
3/12/2010,81.24,2.094,2.255
3/15/2010,79.8,2.0576,2.2228
3/16/2010,81.7,2.1143,2.275
3/17/2010,82.93,2.1395,2.3097
3/18/2010,82.2,2.1191,2.3009
3/19/2010,80.97,2.0767,2.2556
3/22/2010,81.6,2.0979,2.2562
3/23/2010,81.91,2.1143,2.2625
3/24/2010,80.61,2.0835,2.2225
3/25/2010,80.53,2.0824,2.2199
3/26/2010,80,2.0813,2.2085
3/29/2010,82.17,2.1286,2.2627
3/30/2010,82.37,2.1316,2.2721
3/31/2010,83.76,2.179,2.3072
4/1/2010,88.3,2.2167,2.3237
4/5/2010,86.62,2.3199,2.3502
4/6/2010,86.84,2.2683,2.3483
4/7/2010,85.88,2.2439,2.3147
4/8/2010,85.39,2.2282,2.2983
4/9/2010,84.92,2.226,2.2893
4/12/2010,84.34,2.2189,2.2958
4/13/2010,84.05,2.2142,2.3093
4/14/2010,85.84,2.2421,2.3327
4/15/2010,85.51,2.2523,2.3262
4/16/2010,84.67,2.2169,2.277
4/19/2010,83.13,2.1568,2.2544
4/20/2010,83.85,2.2049,2.2938
4/21/2010,83.68,2.2297,2.2959
4/22/2010,83.7,2.2397,2.3103
4/23/2010,85.12,2.2747,2.3592
4/26/2010,84.2,2.2637,2.3453
4/27/2010,82.44,2.2551,2.3284
4/28/2010,83.22,2.2542,2.333
4/29/2010,85.17,2.2782,2.3568
4/30/2010,86.15,2.3157,2.3994
5/3/2010,86.19,2.3451,2.4351
5/4/2010,82.74,2.2595,2.3222
5/5/2010,79.97,2.1845,2.2204
5/6/2010,77.11,2.1137,2.1563
5/7/2010,75.11,2.0795,2.1251
5/10/2010,76.8,2.1202,2.1726
5/11/2010,76.37,2.1401,2.1952
5/12/2010,75.65,2.1591,2.2104
5/13/2010,74.4,2.1319,2.1951
5/14/2010,71.61,2.0606,2.1308
5/17/2010,70.08,1.9852,2.0431
5/18/2010,72.7,1.9615,2.0431
5/19/2010,72.48,1.9452,2.0152
5/20/2010,70.8,1.9162,1.9591
5/21/2010,70.04,1.9109,1.9528
5/24/2010,70.21,1.9136,1.9571
5/25/2010,68.75,1.8842,1.9193
5/26/2010,71.51,1.9324,1.9648
5/27/2010,74.55,2.0097,2.0354
5/28/2010,73.97,2.0045,2.0266
6/1/2010,72.58,1.9704,1.9825
6/2/2010,72.86,2.0059,2.0261
6/3/2010,74.61,2.0391,2.0812
6/4/2010,71.51,1.9577,1.9953
6/7/2010,71.44,1.9683,1.9949
6/8/2010,71.99,1.9653,1.9891
6/9/2010,74.38,2.0096,2.0397
6/10/2010,75.48,2.0328,2.0705
6/11/2010,73.78,2.0053,2.0497
6/14/2010,75.12,2.0259,2.0764
6/15/2010,76.94,2.0685,2.1215
6/16/2010,77.67,2.1101,2.1452
6/17/2010,76.79,2.1474,2.164
6/18/2010,78.26,2.1289,2.1476
6/21/2010,78.61,2.1459,2.1428
6/22/2010,77.85,2.1307,2.1262
6/23/2010,76.35,2.0865,2.0774
6/24/2010,76.51,2.0783,2.0883
6/25/2010,78.86,2.1334,2.1588
6/28/2010,78.25,2.1171,2.1302
6/29/2010,75.94,2.0498,2.0651
6/30/2010,75.63,2.0143,2.0604
7/1/2010,72.95,1.9385,1.9976
7/2/2010,72.14,1.9155,1.9777
7/6/2010,71.98,1.9172,1.9713
7/7/2010,74.07,1.9787,2.0253
7/8/2010,75.44,2.0053,2.0511
7/9/2010,76.09,2.0257,2.07
7/12/2010,74.95,1.9913,2.028
7/13/2010,77.15,2.0474,2.0821
7/14/2010,77.04,2.0361,2.0665
7/15/2010,76.62,2.0183,2.0607
7/16/2010,76.01,2.0113,2.0486
7/19/2010,76.9,2.017,2.059
7/20/2010,77.58,2.0247,2.0786
7/21/2010,76.56,2.0163,2.0649
7/22/2010,79.3,2.0895,2.1409
7/23/2010,78.98,2.0786,2.1192
7/26/2010,78.98,2.0711,2.1064
7/27/2010,77.5,2.0294,2.0641
7/28/2010,76.99,2.026,2.0647
7/29/2010,78.36,2.0696,2.101
7/30/2010,78.95,2.0881,2.1224
8/2/2010,81.34,2.1538,2.1685
8/3/2010,82.55,2.2,2.1935
8/4/2010,82.47,2.2022,2.175
8/5/2010,82.01,2.1868,2.1644
8/6/2010,80.7,2.1472,2.1127
8/9/2010,81.48,2.1538,2.1187
8/10/2010,80.25,2.1254,2.0853
8/11/2010,78.02,2.0752,1.9976
8/12/2010,75.74,2.0015,1.9548
8/13/2010,75.39,1.9956,1.9396
8/16/2010,75.24,1.9888,1.9243
8/17/2010,75.77,2.0259,1.9532
8/18/2010,75.78,2.0249,1.9612
8/19/2010,74.77,2.0007,1.9287
8/20/2010,73.82,1.971,1.8675
8/23/2010,73.1,1.9765,1.839
8/24/2010,71.63,1.9537,1.8093
8/25/2010,72.52,1.9856,1.8254
8/26/2010,73.36,2.0236,1.8686
8/27/2010,75.17,2.0575,1.9148
8/30/2010,74.7,2.0377,1.9078
8/31/2010,71.92,1.9917,1.8574
9/1/2010,73.91,2.0411,1.8891
9/2/2010,75.02,2.0623,1.9216
9/3/2010,74.6,2.0573,1.9195
9/7/2010,74.09,2.0743,1.9329
9/9/2010,74.25,2.0684,1.9354
9/10/2010,76.45,2.1044,1.9731
9/13/2010,77.19,2.1227,1.9806
9/14/2010,76.8,2.1288,1.969
9/15/2010,76.02,2.1326,1.9625
9/16/2010,74.57,2.099,1.9247
9/17/2010,74.92,2.0992,1.9192
9/20/2010,76.19,2.1394,1.9496
9/21/2010,74.97,2.1362,1.9196
9/22/2010,74.71,2.125,1.9013
9/23/2010,75.18,2.1335,1.9129
9/24/2010,76.49,2.1499,1.9404
9/27/2010,76.52,2.1394,1.9391
9/29/2010,77.86,2.2113,1.9829
9/30/2010,79.97,2.2678,2.0361
10/1/2010,81.58,2.2938,2.0861
10/4/2010,81.47,2.2847,2.0933
10/5/2010,82.82,2.3026,2.1255
10/6/2010,83.23,2.3078,2.1559
10/7/2010,81.67,2.2518,2.118
10/8/2010,82.66,2.2819,2.1512
10/11/2010,82.21,2.279,2.1655
10/12/2010,81.67,2.2625,2.1239
10/13/2010,83.01,2.3007,2.1661
10/14/2010,82.69,2.2839,2.1365
10/15/2010,81.25,2.2308,2.1038
10/18/2010,83.8,2.2761,2.1515
10/19/2010,80.16,2.1893,2.0483
10/20/2010,82.54,2.2548,2.0729
10/21/2010,80.56,2.233,2.03
10/22/2010,81.69,2.2691,2.054
10/25/2010,82.52,2.2741,2.0673
10/26/2010,82.55,2.2684,2.0772
10/27/2010,81.94,2.2562,2.0754
10/28/2010,82.18,2.2594,2.0828
10/29/2010,81.43,2.2377,2.0594
11/1/2010,82.95,2.2777,2.0929
11/2/2010,83.9,2.2936,2.1096
11/3/2010,84.69,2.3279,2.138
11/4/2010,86.49,2.3731,2.1771
11/5/2010,86.85,2.3848,2.18
11/8/2010,87.06,2.3977,2.1785
11/9/2010,86.72,2.4067,2.185
11/10/2010,87.81,2.4419,2.2362
11/11/2010,87.81,2.4266,2.2357
11/12/2010,84.88,2.3632,2.2099
11/15/2010,84.86,2.3709,2.195
11/16/2010,82.34,2.309,2.1557
11/17/2010,81.04,2.2519,2.1579
11/18/2010,82.42,2.2951,2.1585
11/19/2010,81.98,2.2918,2.1271
11/22/2010,81.74,2.2856,2.0977
11/23/2010,81.25,2.2669,2.0868
11/24/2010,83.86,2.3418,2.1618
11/26/2010,83.76,2.333,2.1584
11/29/2010,85.73,2.3803,2.2244
11/30/2010,84.11,2.3244,2.1868
12/1/2010,86.75,2.4056,2.3004
12/2/2010,88,2.4546,2.3553
12/3/2010,89.19,2.4874,2.3521
12/6/2010,89.38,2.4757,2.3417
12/7/2010,88.69,2.4702,2.323
12/8/2010,88.28,2.4607,2.3046
12/9/2010,88.37,2.4668,2.3405
12/10/2010,87.79,2.4575,2.3093
12/13/2010,88.61,2.4652,2.3184
12/14/2010,88.28,2.4679,2.2964
12/15/2010,88.62,2.4835,2.3092
12/16/2010,87.7,2.4763,2.3043
12/17/2010,88.6,2.4737,2.3178
12/20/2010,89.37,2.4895,2.3778
12/21/2010,89.82,2.5291,2.3816
12/22/2010,90.48,2.5402,2.4069
12/23/2010,91.51,2.5515,2.4262
12/27/2010,91,2.5266,2.4068
12/28/2010,91.49,2.5355,2.3978
12/29/2010,91.12,2.5339,2.3885
12/30/2010,89.84,2.4999,2.3848
12/31/2010,91.38,2.5424,2.4303
1/3/2011,91.55,2.5528,2.4273
1/4/2011,89.38,2.5065,2.414
1/5/2011,90.3,2.5422,2.4451
1/6/2011,88.38,2.5112,2.443
1/7/2011,88.03,2.4863,2.4131
1/10/2011,89.25,2.5561,2.4543
1/11/2011,91.11,2.6088,2.4784
1/12/2011,91.86,2.6186,2.4631
1/13/2011,91.4,2.6091,2.4459
1/14/2011,91.54,2.6452,2.4946
1/18/2011,92.31,2.6459,2.4792
1/19/2011,91.81,2.6562,2.4816
1/20/2011,89.59,2.6265,2.4421
1/21/2011,89.11,2.6543,2.4785
1/24/2011,87.87,2.6231,2.4379
1/25/2011,86.19,2.5966,2.3706
1/26/2011,87.33,2.6713,2.4566
1/27/2011,85.64,2.6551,2.4132
1/28/2011,89.34,2.6942,2.4859
1/31/2011,92.19,2.7403,2.5001
2/1/2011,90.77,2.757,2.5194
2/2/2011,90.86,2.7807,2.4985
2/3/2011,90.54,2.7674,2.5034
2/4/2011,89.03,2.7167,2.4353
2/7/2011,87.48,2.7061,2.4505
2/8/2011,86.94,2.7318,2.4942
2/9/2011,86.71,2.7689,2.526
2/10/2011,86.73,2.7107,2.4698
2/11/2011,85.58,2.6958,2.4652
2/14/2011,84.81,2.7504,2.5174
2/15/2011,84.32,2.729,2.4888
2/16/2011,84.99,2.7748,2.5447
2/17/2011,86.36,2.7324,2.5277
2/18/2011,89.71,2.7129,2.6901
2/22/2011,95.42,2.8035,2.7464
2/23/2011,98.1,2.9166,2.8677
2/24/2011,97.28,2.8932,2.8749
2/25/2011,97.88,2.9455,2.9086
2/28/2011,96.97,2.9389,2.8927
3/1/2011,99.63,3.0235,2.9834
3/2/2011,102.23,3.0577,3.0295
3/3/2011,101.91,3.0493,3.0262
3/4/2011,104.42,3.0893,3.0464
3/7/2011,105.44,3.0657,3.0039
3/8/2011,105.02,3.0111,2.9467
3/9/2011,104.38,3.0707,3.0272
3/10/2011,102.7,3.0449,3.0196
3/11/2011,101.16,3.029,2.9877
3/14/2011,101.19,3.0638,2.9603
3/15/2011,97.18,2.9538,2.8029
3/16/2011,97.98,2.9972,2.8437
3/17/2011,101.42,3.0649,2.9506
3/18/2011,101.85,3.0243,2.9494
3/21/2011,103.09,3.0525,2.9974
3/23/2011,105.75,3.0719,3.0286
3/24/2011,105.6,3.0787,3.0508
3/25/2011,105.4,3.0715,3.0495
3/28/2011,103.98,3.0412,3.0276
3/29/2011,104.79,3.0573,3.0436
3/30/2011,104.27,3.0534,3.0573
3/31/2011,106.72,3.1125,3.1077
4/1/2011,107.94,3.1345,3.1513
4/4/2011,108.47,3.1714,3.1688
4/5/2011,108.34,3.185,3.2013
4/6/2011,108.83,3.1912,3.1929
4/7/2011,110.3,3.206,3.1865
4/8/2011,112.79,3.3197,3.2607
4/12/2011,106.25,3.1726,3.1641
4/13/2011,107.11,3.2028,3.2424
4/14/2011,108.11,3.189,3.2347
4/15/2011,109.66,3.2242,3.2892
4/18/2011,107.69,3.1828,3.2528
4/19/2011,108.28,3.1725,3.1993
4/20/2011,111.45,3.2359,3.2484
4/21/2011,112.29,3.2162,3.2723
4/25/2011,112.28,3.1989,3.2785
4/26/2011,112.21,3.2273,3.3072
4/27/2011,112.76,3.2481,3.3582
4/28/2011,112.86,3.2459,3.3696
4/29/2011,113.93,3.2758,3.3984
5/2/2011,113.52,3.2521,3.3479
5/3/2011,111.05,3.1908,3.3294
5/4/2011,109.24,3.143,3.3225
5/5/2011,99.8,2.8869,3.0954
5/6/2011,97.18,2.8457,3.0901
5/9/2011,102.55,2.9618,3.2784
5/10/2011,103.88,3.0012,3.3797
5/11/2011,98.21,2.8983,3.1228
5/12/2011,98.97,2.9137,3.0639
5/13/2011,99.65,2.9422,3.0744
5/16/2011,97.37,2.8744,2.9311
5/17/2011,96.91,2.8451,2.8842
5/18/2011,100.56,2.9059,2.926
5/19/2011,98.93,2.8947,2.904
5/20/2011,100.1,2.932,2.9203
5/23/2011,97.7,2.8597,2.9059
5/24/2011,99.59,2.9213,2.958
5/25/2011,101.32,2.9923,2.9867
5/26/2011,100.23,2.9934,3.0074
5/27/2011,100.59,3.0014,3.0313
5/31/2011,102.7,3.053,3.0503
6/1/2011,100.29,3.0087,2.9773
6/2/2011,100.4,3.0439,2.9677
6/3/2011,100.22,3.0567,2.9931
6/6/2011,99.01,3.0174,2.9499
6/7/2011,99.09,3.077,2.9919
6/8/2011,100.74,3.0937,2.9787
6/9/2011,101.93,3.1378,3.0398
6/10/2011,99.29,3.1051,3.0177
6/13/2011,97.3,3.1058,2.9968
6/14/2011,99.37,3.1258,3.0646
6/15/2011,94.81,2.9848,2.9235
6/16/2011,94.95,3.0038,2.9494
6/17/2011,93.01,2.9833,2.946
6/20/2011,93.63,2.932,2.9115
6/21/2011,94.17,2.89,2.8826
6/22/2011,95.41,2.9709,2.9288
6/23/2011,91.02,2.7994,2.7764
6/24/2011,91.16,2.7689,2.7159
6/27/2011,90.61,2.7814,2.7444
6/28/2011,92.89,2.8415,2.8156
6/29/2011,94.77,2.9347,2.9349
6/30/2011,95.42,2.9463,2.9692
7/1/2011,94.94,2.9245,2.9726
7/5/2011,96.89,2.9566,2.9774
7/6/2011,96.65,2.9633,2.9976
7/7/2011,98.67,3.102,3.127
7/8/2011,96.2,3.0964,3.0926
7/11/2011,95.15,3.0875,3.0705
7/12/2011,97.43,3.0876,3.0982
7/13/2011,98.05,3.0997,3.1516
7/14/2011,95.69,3.0849,3.1248
7/15/2011,97.24,3.118,3.1293
7/18/2011,95.93,3.0777,3.0974
7/19/2011,97.86,3.098,3.1149
7/20/2011,98.4,3.1184,3.147
7/21/2011,99.13,3.1129,3.0567
7/22/2011,99.87,3.1415,3.0906
7/25/2011,99.2,3.1207,3.0817
7/26/2011,99.59,3.1251,3.0985
7/28/2011,97.44,3.1144,3.0638
7/29/2011,95.7,3.0994,3.0579
8/1/2011,94.89,3.0974,3.054
8/2/2011,93.79,3.0916,3.0373
8/3/2011,91.93,3.0189,2.9313
8/4/2011,86.63,2.8939,2.7372
8/5/2011,86.88,2.9417,2.8052
8/8/2011,81.31,2.8017,2.6916
8/9/2011,79.3,2.7648,2.6676
8/10/2011,82.89,2.8653,2.7825
8/11/2011,85.72,2.8992,2.8273
8/12/2011,85.38,2.9037,2.8222
8/15/2011,87.88,2.9441,2.8745
8/16/2011,86.65,2.9326,2.8538
8/17/2011,87.58,2.9616,2.8703
8/18/2011,82.38,2.8748,2.7832
8/19/2011,82.41,2.9045,2.8412
8/22/2011,84.42,2.9107,2.7129
8/23/2011,85.44,2.9425,2.7472
8/24/2011,85.16,2.969,2.7558
8/25/2011,85.3,2.9932,2.8017
8/26/2011,85.37,3.0158,2.786
8/29/2011,87.27,3.0173,2.7695
8/30/2011,88.9,3.0767,2.8415
8/31/2011,88.81,3.084,2.8763
9/1/2011,88.93,3.0518,2.8927
9/2/2011,86.45,2.9974,2.8396
9/6/2011,86.02,3.0102,2.8226
9/7/2011,89.34,3.0756,2.908
9/8/2011,89.05,3.0443,2.8852
9/9/2011,87.24,2.9858,2.771
9/12/2011,88.19,2.9475,2.7382
9/13/2011,90.21,2.9361,2.7424
9/14/2011,88.91,2.945,2.7258
9/15/2011,89.4,3.0246,2.7828
9/16/2011,87.96,3.0089,2.7841
9/19/2011,85.81,2.9447,2.6965
9/20/2011,86.92,2.9616,2.7014
9/21/2011,85.92,2.9342,2.6665
9/22/2011,80.51,2.8485,2.5437
9/23/2011,79.85,2.8059,2.5244
9/26/2011,80.24,2.803,2.5284
9/27/2011,84.45,2.8857,2.636
9/28/2011,81.21,2.8271,2.5753
9/29/2011,82.14,2.8266,2.5586
9/30/2011,79.2,2.7793,2.5381
10/3/2011,77.61,2.7529,2.511
10/4/2011,75.67,2.7234,2.4884
10/5/2011,79.68,2.7766,2.5692
10/6/2011,82.59,2.8611,2.686
10/7/2011,82.98,2.8588,2.6476
10/10/2011,85.41,2.9039,2.6953
10/11/2011,85.81,2.9041,2.7476
10/12/2011,85.57,2.9347,2.7487
10/13/2011,84.23,2.9714,2.7575
10/14/2011,86.8,3.0558,2.8247
10/17/2011,86.38,3.0136,2.7429
10/18/2011,88.53,3.0277,2.7469
10/19/2011,86.29,2.9812,2.6715
10/20/2011,86.07,3.0266,2.657
10/21/2011,87.4,3.0159,2.6582
10/24/2011,91.27,3.0542,2.6703
10/25/2011,93.17,3.0512,2.6747
10/26/2011,90.2,3.021,2.6253
10/27/2011,93.96,3.1037,2.7072
10/28/2011,93.32,3.0664,2.6461
10/31/2011,93.19,3.0583,2.6057
11/1/2011,92.19,3.0379,2.6244
11/2/2011,92.51,3.0007,2.6272
11/3/2011,94.07,3.0381,2.6418
11/4/2011,94.26,3.0707,2.6634
11/7/2011,95.52,3.1198,2.7282
11/8/2011,96.8,3.1161,2.7064
11/9/2011,95.74,3.0986,2.6442
11/10/2011,97.78,3.1511,2.6368
11/11/2011,98.99,3.1716,2.6038
11/14/2011,98.14,3.1622,2.5353
11/15/2011,99.37,3.1713,2.5857
11/16/2011,102.59,3.1346,2.6273
11/17/2011,98.93,3.0832,2.5156
11/18/2011,97.67,3.0325,2.488
11/21/2011,96.92,3.0043,2.4987
11/22/2011,98.01,3.0465,2.565
11/23/2011,96.17,2.9714,2.5205
11/25/2011,96.77,2.9405,2.4542
11/28/2011,98.21,2.9827,2.5177
11/29/2011,99.79,3.0336,2.5398
11/30/2011,100.36,3.0251,2.5584
12/1/2011,100.2,2.9695,2.5579
12/2/2011,100.96,2.99,2.6162
12/5/2011,100.99,2.9924,2.6137
12/6/2011,101.28,3.0217,2.6454
12/7/2011,100.49,2.9824,2.5869
12/8/2011,98.34,2.9298,2.5666
12/9/2011,99.41,2.9125,2.5961
12/12/2011,97.77,2.8961,2.5636
12/13/2011,100.14,2.9288,2.6254
12/14/2011,94.95,2.8299,2.5037
12/15/2011,93.87,2.8225,2.4877
12/16/2011,93.53,2.8005,2.487
12/19/2011,94.05,2.7804,2.4972
12/20/2011,97.24,2.8592,2.584
12/21/2011,98.67,2.9176,2.6215
12/22/2011,99.53,2.9154,2.6368
12/23/2011,99.68,2.8995,2.6781
12/27/2011,101.34,2.9159,2.681
12/28/2011,99.36,2.9012,2.6456
12/29/2011,99.65,2.9201,2.6694
12/30/2011,98.83,2.9142,2.6574
1/3/2012,102.96,3.0382,2.7486
1/4/2012,103.22,3.0899,2.7852
1/5/2012,101.81,3.0388,2.7365
1/6/2012,101.56,3.0702,2.7516
1/9/2012,101.31,3.073,2.759
1/10/2012,102.24,3.1014,2.7728
1/11/2012,100.87,3.0646,2.7633
1/12/2012,99.1,3.0541,2.7313
1/13/2012,98.7,3.0272,2.7342
1/17/2012,100.71,3.0372,2.7713
1/18/2012,100.59,3.0134,2.8292
1/19/2012,100.54,3.036,2.8228
1/20/2012,98.33,2.9848,2.7903
1/23/2012,99.58,3.0035,2.7856
1/24/2012,98.95,3.0151,2.8105
1/25/2012,99.4,3.0104,2.8374
1/26/2012,99.7,3.0446,2.8508
1/27/2012,99.56,3.0593,2.9234
1/30/2012,98.78,3.0378,2.8727
1/31/2012,98.48,3.0509,2.8909
2/1/2012,97.61,3.0455,2.8922
2/2/2012,96.36,3.0529,2.8689
2/3/2012,97.84,3.1144,2.9144
2/6/2012,96.91,3.1707,2.9279
2/7/2012,98.41,3.1909,2.9275
2/8/2012,98.71,3.1895,2.9752
2/9/2012,99.84,3.2085,3.0128
2/10/2012,98.67,3.1821,2.9749
2/13/2012,100.91,3.16,3.0125
2/14/2012,100.74,3.1648,2.9825
2/15/2012,101.8,3.1916,3.0067
2/16/2012,102.31,3.2097,3.0471
2/17/2012,103.6,3.1889,3.1876
2/21/2012,106.25,3.2348,3.2485
2/22/2012,106.28,3.265,3.263
2/23/2012,107.83,3.29,3.288
2/24/2012,109.77,3.313,3.3247
2/27/2012,108.56,3.2829,3.3027
2/28/2012,106.55,3.2201,3.2247
2/29/2012,107.07,3.2059,3.2572
3/1/2012,108.84,3.2753,3.3517
3/2/2012,106.7,3.2018,3.2721
3/5/2012,106.72,3.2174,3.258
3/6/2012,104.7,3.1882,3.2299
3/7/2012,106.16,3.2194,3.2874
3/8/2012,106.58,3.2695,3.314
3/9/2012,107.4,3.2638,3.3324
3/12/2012,106.34,3.2429,3.34
3/13/2012,106.71,3.2712,3.3546
3/14/2012,105.43,3.2618,3.347
3/15/2012,105.11,3.2225,3.2885
3/16/2012,107.06,3.2819,3.3569
3/19/2012,108.56,3.2613,3.3678
3/20/2012,106.07,3.2367,3.3513
3/21/2012,107.27,3.231,3.3452
3/22/2012,105.35,3.1928,3.3257
3/23/2012,106.87,3.2247,3.3689
3/26/2012,107.03,3.2465,3.3987
3/27/2012,107.33,3.236,3.3864
3/28/2012,105.41,3.2222,3.3621
3/29/2012,102.78,3.1698,3.3397
3/30/2012,103.02,3.1701,3.3081
4/2/2012,105.23,3.2496,3.3822
4/3/2012,104.01,3.2275,3.3954
4/4/2012,101.47,3.1609,3.3336
4/5/2012,103.31,3.1692,3.3405
4/9/2012,102.46,3.1459,3.2967
4/10/2012,101.02,3.0957,3.2496
4/11/2012,102.7,3.1149,3.2955
4/12/2012,103.64,3.1663,3.3567
4/13/2012,102.83,3.1746,3.3461
4/16/2012,102.93,3.1166,3.267
4/17/2012,104.2,3.1266,3.234
4/18/2012,102.67,3.1182,3.1489
4/19/2012,102.72,3.1284,3.1158
4/20/2012,103.88,3.1408,3.11
4/23/2012,103.11,3.1429,3.1476
4/24/2012,103.55,3.1346,3.1241
4/25/2012,104.12,3.1669,3.1191
4/26/2012,104.55,3.1984,3.1328
4/27/2012,104.93,3.1835,3.1445
4/30/2012,104.87,3.1842,3.1246
5/1/2012,106.16,3.1771,3.0971
5/2/2012,105.22,3.1425,3.0757
5/3/2012,102.54,3.0869,3.05
5/4/2012,98.49,3.0088,2.9758
5/7/2012,97.94,2.9814,2.9741
5/8/2012,97.01,2.9901,2.9944
5/9/2012,96.81,2.9991,3.0241
5/10/2012,97.08,2.9834,3.0102
5/11/2012,96.13,2.9636,3.0008
5/14/2012,94.78,2.9295,2.959
5/15/2012,93.98,2.933,2.9441
5/16/2012,92.81,2.8976,2.9209
5/17/2012,92.56,2.849,2.8782
5/18/2012,91.48,2.83,2.8895
5/21/2012,92.86,2.8603,2.8646
5/22/2012,91.85,2.8655,2.8592
5/23/2012,89.9,2.8155,2.8015
5/24/2012,90.66,2.8257,2.8193
5/25/2012,90.86,2.8329,2.8317
5/29/2012,90.76,2.8132,2.8335
5/30/2012,87.82,2.7438,2.7739
5/31/2012,86.53,2.7032,2.7227
6/1/2012,83.23,2.6279,2.6568
6/4/2012,83.98,2.6269,2.6707
6/5/2012,84.29,2.6336,2.6847
6/6/2012,85.02,2.6717,2.6903
6/7/2012,84.82,2.6671,2.685
6/8/2012,84.1,2.6721,2.6852
6/11/2012,82.7,2.6357,2.6566
6/12/2012,83.32,2.6215,2.6502
6/13/2012,82.62,2.6109,2.6554
6/14/2012,83.91,2.6278,2.6764
6/15/2012,84.03,2.6465,2.7017
6/18/2012,83.27,2.6177,2.6609
6/19/2012,84.35,2.6351,2.6415
6/20/2012,81.45,2.5846,2.5073
6/21/2012,78.2,2.5231,2.452
6/22/2012,79.76,2.532,2.4676
6/25/2012,79.21,2.5348,2.4982
6/26/2012,79.36,2.5732,2.5229
6/27/2012,80.21,2.5902,2.4989
6/28/2012,77.69,2.5472,2.4773
6/29/2012,84.96,2.7099,2.6318
7/2/2012,83.75,2.6759,2.6239
7/3/2012,87.66,2.7585,2.7229
7/5/2012,87.22,2.7684,2.7648
7/6/2012,84.45,2.7099,2.716
7/9/2012,85.99,2.749,2.7594
7/10/2012,83.91,2.7195,2.7469
7/11/2012,85.81,2.7618,2.7689
7/12/2012,86.08,2.7733,2.8062
7/13/2012,87.1,2.7882,2.8161
7/16/2012,88.43,2.8277,2.8547
7/17/2012,89.22,2.8422,2.845
7/18/2012,89.87,2.8776,2.8834
7/19/2012,92.97,2.947,2.9389
7/20/2012,91.83,2.9238,2.8445
7/23/2012,88.14,2.8206,2.7638
7/24/2012,88.5,2.8263,2.7258
7/25/2012,88.97,2.8467,2.7162
7/26/2012,89.39,2.8694,2.737
7/27/2012,90.13,2.8905,2.7967
7/30/2012,89.78,2.8814,2.8184
7/31/2012,88.06,2.848,2.7743
8/1/2012,88.91,2.8588,2.8342
8/2/2012,87.13,2.8423,2.8696
8/3/2012,91.4,2.9261,2.931
8/6/2012,92.2,2.9409,2.9222
8/7/2012,93.67,2.998,2.9913
8/8/2012,93.35,3.0159,2.9804
8/9/2012,93.36,3.045,3.0008
8/10/2012,92.87,3.0205,3.0039
8/13/2012,92.73,3.0183,2.9907
8/14/2012,93.43,3.0346,3.0014
8/15/2012,94.33,3.0852,3.084
8/16/2012,95.6,3.1229,3.0832
8/17/2012,96.01,3.0926,3.0275
8/20/2012,96.26,3.0931,3.0308
8/21/2012,96.84,3.1243,3.0652
8/22/2012,97.26,3.1287,2.9382
8/23/2012,96.27,3.1412,2.9484
8/24/2012,96.15,3.1187,2.9105
8/27/2012,95.47,3.1195,2.95
8/28/2012,96.33,3.1285,2.9333
8/29/2012,95.49,3.1224,2.9168
8/30/2012,94.62,3.1333,2.908
8/31/2012,96.47,3.1802,2.9728
9/4/2012,95.3,3.1468,2.9522
9/5/2012,95.36,3.1176,2.9498
9/6/2012,95.53,3.1425,2.991
9/7/2012,96.42,3.1489,3.0196
9/10/2012,96.54,3.1668,3.024
9/11/2012,97.17,3.1857,3.0435
9/12/2012,97.01,3.2152,3.0016
9/13/2012,98.31,3.2113,2.9622
9/14/2012,99,3.2395,3.0156
9/17/2012,96.62,3.1634,2.9433
9/18/2012,95.29,3.1271,2.899
9/19/2012,92.3,3.044,2.8286
9/20/2012,92.42,3.093,2.7809
9/21/2012,92.89,3.1177,2.8195
9/24/2012,91.93,3.0961,2.7877
9/25/2012,91.37,3.1069,2.8224
9/26/2012,89.98,3.1025,2.8738
9/27/2012,91.85,3.1508,2.8972
9/28/2012,92.19,3.1592,2.9201
10/1/2012,92.48,3.1358,2.9201
10/2/2012,91.89,3.1255,2.8692
10/3/2012,88.14,3.0664,2.7995
10/4/2012,91.71,3.1884,2.9429
10/5/2012,89.88,3.1559,2.9525
10/8/2012,89.33,3.1443,2.8931
10/9/2012,92.39,3.2032,2.9587
10/10/2012,91.25,3.2131,2.9593
10/11/2012,92.07,3.2571,2.9556
10/12/2012,91.86,3.2239,2.8928
10/15/2012,91.85,3.2091,2.8503
10/16/2012,92.09,3.1985,2.8021
10/17/2012,92.12,3.1894,2.7642
10/18/2012,92.1,3.1669,2.7269
10/19/2012,90.44,3.1176,2.6721
10/22/2012,88.65,3.0668,2.6348
10/23/2012,86.67,3.0308,2.5911
10/24/2012,85.73,3.0264,2.5913
10/25/2012,86.05,3.0452,2.6323
10/26/2012,86.28,3.0764,2.6417
10/29/2012,85.54,3.0873,2.6411
10/30/2012,85.68,3.0697,2.6155
10/31/2012,86.24,3.0623,2.6303
11/1/2012,87.09,3.0332,2.6336
11/2/2012,84.86,2.9474,2.5736
11/5/2012,85.65,2.9829,2.6202
11/6/2012,88.71,3.0529,2.6989
11/7/2012,84.44,2.9621,2.5889
11/8/2012,85.09,2.9554,2.6073
11/9/2012,86.07,3.0055,2.6992
11/12/2012,85.57,2.9992,2.6763
11/13/2012,85.38,2.9608,2.6538
11/14/2012,86.32,2.9882,2.679
11/15/2012,85.87,2.9735,2.6962
11/16/2012,86.92,2.9868,2.7101
11/19/2012,89.28,3.0751,2.7321
11/20/2012,86.75,3.0483,2.6884
11/21/2012,87.38,3.0812,2.7225
11/23/2012,88.28,3.086,2.7204
11/26/2012,87.74,3.0594,2.7039
11/27/2012,87.18,3.0247,2.6956
11/28/2012,86.49,3.0209,2.6877
11/29/2012,88.07,3.0569,2.7334
11/30/2012,88.91,3.0607,2.7303
12/3/2012,89.09,3.0562,2.7265
12/4/2012,88.5,3.004,2.689
12/5/2012,87.88,2.9907,2.6378
12/6/2012,86.26,2.9432,2.5969
12/7/2012,85.93,2.9153,2.5974
12/10/2012,85.56,2.8962,2.5981
12/11/2012,85.79,2.927,2.6105
12/12/2012,86.77,2.9668,2.6465
12/13/2012,85.89,2.9437,2.6021
12/14/2012,86.73,2.9807,2.6621
12/17/2012,87.2,2.9563,2.6546
12/18/2012,88.4,2.9965,2.6909
12/19/2012,89.98,3.0356,2.7338
12/20/2012,90.13,3.0486,2.74
12/21/2012,88.66,3.0102,2.7158
12/24/2012,88.61,2.9885,2.7257
12/26/2012,90.98,3.0357,2.7885
12/27/2012,90.87,3.0489,2.7893
12/28/2012,90.8,3.0213,2.7585
12/31/2012,91.82,3.0318,2.7617
1/2/2013,93.12,3.0463,2.7951
1/3/2013,92.92,3.0251,2.7977
1/4/2013,93.09,3.0177,2.7643
1/7/2013,93.19,3.0321,2.7774
1/8/2013,93.15,3.0585,2.7944
1/9/2013,93.1,3.0699,2.7789
1/10/2013,93.82,3.0543,2.7933
1/11/2013,93.56,3.0085,2.7395
1/14/2013,94.14,3.0625,2.7541
1/15/2013,93.28,3.0113,2.7066
1/16/2013,94.24,2.9991,2.7385
1/17/2013,95.49,3.0212,2.7684
1/18/2013,96.04,3.0525,2.7968
1/22/2013,96.68,3.0557,2.8411
1/23/2013,95.23,3.0652,2.8489
1/24/2013,95.95,3.0764,2.8767
1/25/2013,95.88,3.0489,2.8898
1/28/2013,96.44,3.0543,2.9409
1/29/2013,97.57,3.0986,2.9763
1/30/2013,97.94,3.1087,3.0332
1/31/2013,97.49,3.1187,3.0317
2/1/2013,97.77,3.1606,3.0536
2/4/2013,96.17,3.154,3.0115
2/5/2013,96.64,3.1913,3.0374
2/6/2013,96.62,3.1858,3.0397
2/7/2013,95.83,3.1995,2.9999
2/8/2013,95.72,3.2384,3.0588
2/11/2013,97.03,3.2315,3.0212
2/12/2013,97.51,3.2362,3.0503
2/13/2013,97.01,3.2188,3.0354
2/14/2013,97.31,3.2237,3.1166
2/15/2013,95.86,3.2104,3.3138
2/19/2013,97.1,3.1817,3.1212
2/20/2013,95.22,3.1522,3.2585
2/21/2013,92.84,3.0949,3.234
2/22/2013,93.13,3.1018,3.2658
2/25/2013,93.11,3.0981,3.2636
2/26/2013,92.63,3.0268,3.1988
2/27/2013,92.76,2.9846,3.1063
2/28/2013,92.05,2.9603,3.1117
3/1/2013,90.68,2.9301,3.1286
3/4/2013,90.12,2.9191,3.0983
3/5/2013,90.82,2.973,3.1482
3/6/2013,90.43,2.9756,3.1247
3/7/2013,91.56,2.9795,3.1233
3/8/2013,91.95,2.9749,3.2035
3/11/2013,92.06,2.9691,3.1524
3/12/2013,92.54,2.9484,3.1502
3/13/2013,92.52,2.9242,3.1423
3/14/2013,93.03,2.9295,3.1413
3/15/2013,93.45,2.939,3.1638
3/18/2013,94.11,2.9267,3.1289
3/19/2013,92.52,2.9684,3.0403
3/20/2013,93.5,2.9953,3.102
3/21/2013,92.45,2.9795,3.0597
3/22/2013,93.71,2.9728,3.0512
3/25/2013,94.81,2.983,3.0542
3/26/2013,96.34,2.9988,3.1025
3/27/2013,96.58,3.0368,3.1118
3/28/2013,97.23,3.047,3.1106
4/1/2013,97.07,3.0687,3.1015
4/2/2013,97.19,3.0874,3.0408
4/3/2013,94.45,3.002,2.914
4/4/2013,93.26,2.9636,2.8987
4/5/2013,92.7,2.9098,2.8636
4/8/2013,93.36,2.9537,2.9093
4/9/2013,94.2,2.9613,2.9424
4/10/2013,94.64,2.9479,2.8651
4/11/2013,93.51,2.8991,2.831
4/12/2013,91.29,2.8718,2.8018
4/15/2013,88.71,2.8292,2.7576
4/16/2013,88.72,2.8065,2.7818
4/17/2013,86.68,2.7346,2.7205
4/18/2013,88,2.7791,2.7483
4/19/2013,88.27,2.7757,2.7614
4/22/2013,89.19,2.7954,2.7615
4/23/2013,89.18,2.798,2.7167
4/24/2013,91.43,2.8277,2.7518
4/25/2013,93.64,2.8798,2.8106
4/26/2013,93,2.8661,2.8273
4/29/2013,94.5,2.8668,2.822
4/30/2013,93.46,2.8396,2.802
5/1/2013,91.03,2.7889,2.7193
5/2/2013,93.99,2.8555,2.7806
5/3/2013,95.61,2.8844,2.8254
5/6/2013,96.16,2.9202,2.8657
5/7/2013,95.62,2.9277,2.8334
5/8/2013,96.62,2.9147,2.8538
5/9/2013,96.39,2.9366,2.8851
5/10/2013,96.04,2.9062,2.8603
5/13/2013,95.17,2.891,2.821
5/14/2013,94.21,2.873,2.8376
5/15/2013,94.3,2.8801,2.867
5/16/2013,95.16,2.9087,2.8822
5/17/2013,96.02,2.937,2.9069
5/20/2013,96.93,2.9508,2.9056
5/21/2013,96.18,2.9193,2.8379
5/22/2013,94.28,2.8687,2.8122
5/23/2013,94.25,2.8565,2.8181
5/24/2013,94.15,2.8544,2.8281
5/28/2013,95.01,2.904,2.8454
5/29/2013,93.13,2.8648,2.798
5/30/2013,93.61,2.8442,2.8073
5/31/2013,91.97,2.7814,2.7549
6/3/2013,93.45,2.8334,2.7851
6/4/2013,93.31,2.8649,2.8182
6/5/2013,93.74,2.8554,2.823
6/6/2013,94.76,2.8714,2.8509
6/7/2013,96.03,2.8931,2.8715
6/10/2013,95.77,2.8838,2.8481
6/11/2013,95.38,2.8575,2.8231
6/12/2013,95.88,2.8952,2.8101
6/13/2013,96.69,2.9395,2.8613
6/14/2013,97.85,2.9622,2.8967
6/17/2013,97.77,2.9503,2.8561
6/18/2013,98.67,2.9617,2.8794
6/19/2013,98.48,2.9725,2.8924
6/20/2013,95.14,2.873,2.7775
6/21/2013,93.69,2.8434,2.7467
6/24/2013,95.18,2.853,2.7271
6/25/2013,95.32,2.8585,2.7248
6/26/2013,95.5,2.8551,2.7178
6/27/2013,97.05,2.888,2.7281
6/28/2013,96.56,2.8588,2.7156
7/1/2013,97.99,2.8736,2.7379
7/2/2013,99.6,2.9014,2.7833
7/3/2013,101.24,2.9512,2.8382
7/5/2013,103.22,2.9897,2.8968
7/8/2013,103.14,2.9801,2.8837
7/9/2013,103.53,2.9857,2.926
7/10/2013,106.52,3.0017,3.0149
7/11/2013,104.91,2.995,3.0214
7/12/2013,105.95,3.0294,3.1175
7/15/2013,106.32,3.0261,3.1029
7/16/2013,106,3.0469,3.1343
7/17/2013,106.48,3.0712,3.1101
7/18/2013,107.81,3.1007,3.1098
7/19/2013,107.87,3.0894,3.1234
7/22/2013,106.94,3.0688,3.0182
7/23/2013,107.23,3.0725,3.029
7/24/2013,105.39,3.0508,3.0219
7/25/2013,105.49,3.0399,2.9855
7/26/2013,104.7,3.0131,3.0033
7/29/2013,104.55,3.019,2.978
7/30/2013,103.08,3.009,2.975
7/31/2013,105.03,3.055,2.9963
8/1/2013,107.89,3.0966,3.0284
8/2/2013,106.94,3.0714,2.9947
8/5/2013,106.56,3.0522,2.9506
8/6/2013,105.3,3.0083,2.9151
8/7/2013,104.37,2.9642,2.8711
8/8/2013,103.4,2.9574,2.8576
8/9/2013,105.97,2.9935,2.9082
8/12/2013,106.11,3.0209,2.9041
8/13/2013,106.83,3.0471,2.9425
8/14/2013,106.85,3.0478,2.983
8/15/2013,107.33,3.0728,2.9845
8/16/2013,107.29,3.0831,2.9675
8/19/2013,106.86,3.071,2.9333
8/20/2013,105.11,3.0784,2.9272
8/21/2013,103.85,3.0815,2.8184
8/22/2013,105.03,3.0737,2.8384
8/23/2013,106.42,3.099,2.8707
8/26/2013,105.92,3.0835,2.8345
8/27/2013,109.01,3.1656,2.9127
8/28/2013,110.1,3.2113,2.9616
8/29/2013,108.8,3.1883,2.9306
8/30/2013,107.65,3.1366,2.8901
9/3/2013,108.54,3.1483,2.8646
9/4/2013,107.23,3.1371,2.8643
9/5/2013,108.37,3.1397,2.836
9/6/2013,110.53,3.1637,2.8537
9/9/2013,109.52,3.1183,2.8024
9/10/2013,107.39,3.0668,2.7357
9/11/2013,107.56,3.0718,2.7122
9/12/2013,108.6,3.1164,2.7627
9/13/2013,108.21,3.1137,2.7696
9/16/2013,106.59,3.0637,2.7166
9/17/2013,105.42,2.9983,2.6611
9/18/2013,107.28,3.0405,2.7421
9/19/2013,105.86,3.004,2.6796
9/20/2013,104.75,3.0053,2.6674
9/23/2013,103.59,2.9566,2.615
9/24/2013,103.13,2.9604,2.6469
9/25/2013,102.66,2.9713,2.6569
9/26/2013,103.03,2.9993,2.6887
9/27/2013,102.87,2.9848,2.6602
9/30/2013,102.33,2.9715,2.6282
10/1/2013,102.04,2.9553,2.6106
10/2/2013,104.1,2.9927,2.6287
10/3/2013,103.31,3.0033,2.6396
10/4/2013,103.84,2.999,2.6076
10/7/2013,103.03,3.0093,2.6261
10/8/2013,103.49,3.0325,2.6306
10/9/2013,101.61,3.0174,2.623
10/10/2013,103.01,3.07,2.6981
10/11/2013,102.02,3.0349,2.6681
10/14/2013,102.41,3.0317,2.6668
10/15/2013,101.21,3.017,2.6598
10/16/2013,102.29,3.0393,2.7021
10/17/2013,100.67,2.99,2.6479
10/18/2013,101.11,3.0354,2.6732
10/21/2013,99.68,3.0106,2.6538
10/22/2013,98.3,2.9954,2.6068
10/23/2013,96.86,2.9222,2.5431
10/24/2013,97.11,2.8989,2.5724
10/25/2013,97.85,2.9089,2.5674
10/28/2013,98.68,2.9642,2.6103
10/29/2013,98.2,2.9636,2.5917
10/30/2013,96.77,2.9768,2.6216
10/31/2013,96.38,2.9539,2.587
11/1/2013,94.61,2.8822,2.5454
11/4/2013,94.62,2.8741,2.5282
11/5/2013,93.37,2.8641,2.5161
11/6/2013,94.8,2.8696,2.548
11/7/2013,94.2,2.8392,2.5031
11/8/2013,94.6,2.8719,2.5534
11/11/2013,95.14,2.8913,2.5965
11/12/2013,93.04,2.8532,2.5864
11/13/2013,93.88,2.8977,2.628
11/14/2013,93.76,2.9306,2.6837
11/15/2013,93.84,2.9389,2.6577
11/18/2013,93.03,2.9222,2.6568
11/19/2013,93.89,2.9058,2.6199
11/20/2013,93.85,2.9528,2.6458
11/21/2013,95.44,3.0056,2.7191
11/22/2013,94.84,3.0393,2.7111
11/25/2013,94.09,3.0304,2.6736
11/26/2013,93.68,3.0425,2.6825
11/27/2013,92.3,3.043,2.6946
11/29/2013,92.72,3.0308,2.6628
12/2/2013,93.82,3.0501,2.6784
12/3/2013,96.04,3.0651,2.7237
12/4/2013,97.2,3.0591,2.7192
12/5/2013,97.38,3.0496,2.7127
12/6/2013,97.65,3.0565,2.7269
12/9/2013,97.34,3.0143,2.6749
12/10/2013,98.51,3.0173,2.6829
12/11/2013,97.44,3.0212,2.6611
12/12/2013,97.5,2.9801,2.6348
12/13/2013,96.6,2.9757,2.6293
12/16/2013,97.48,2.9902,2.6437
12/17/2013,97.47,2.9629,2.6472
12/18/2013,98.06,3.0101,2.6973
12/19/2013,99.04,3.0253,2.7469
12/20/2013,99.32,3.0702,2.7848
12/23/2013,98.91,3.0534,2.7807
12/24/2013,99.22,3.0685,2.8134
12/26/2013,99.55,3.0756,2.8149
12/27/2013,100.32,3.0921,2.8095
12/30/2013,99.29,3.0561,2.7869
12/31/2013,98.42,3.0652,2.7859
1/2/2014,95.44,2.9867,2.695
1/3/2014,93.96,2.9394,2.6488
1/6/2014,93.43,2.9388,2.646
1/7/2014,93.67,2.9593,2.6786
1/8/2014,92.33,2.9494,2.6563
1/9/2014,91.66,2.9214,2.6426
1/10/2014,92.72,2.9407,2.6691
1/13/2014,91.8,2.9333,2.6341
1/14/2014,92.59,2.9363,2.6224
1/15/2014,94.17,2.9796,2.6264
1/16/2014,93.96,2.9845,2.5951
1/17/2014,94.59,3.0237,2.6204
1/21/2014,94.97,2.9511,2.6206
1/22/2014,96.73,2.9812,2.6882
1/23/2014,97.32,2.991,2.6697
1/24/2014,96.64,3.0158,2.6706
1/27/2014,95.72,2.9667,2.6329
1/28/2014,97.41,2.9939,2.6376
1/29/2014,97.36,3.0204,2.6686
1/30/2014,98.23,3.0275,2.6743
1/31/2014,97.49,2.9971,2.6314
2/3/2014,96.43,3.0075,2.6069
2/4/2014,97.19,2.9829,2.6031
2/5/2014,97.38,2.9968,2.6413
2/6/2014,97.84,2.9951,2.683
2/7/2014,99.88,3.0503,2.7489
2/10/2014,100.06,2.9981,2.7248
2/11/2014,99.94,3.0281,2.7526
2/12/2014,100.37,3.0125,2.7631
2/13/2014,100.35,3.0307,2.7772
2/14/2014,100.3,3.0782,2.8053
2/18/2014,102.1,3.1017,2.8323
2/19/2014,102.84,3.0726,2.9968
2/20/2014,102.75,3.0834,3.021
2/21/2014,102.2,3.0389,3.003
2/24/2014,102.82,3.0501,3.007
2/25/2014,101.83,3.0346,2.9716
2/26/2014,102.59,3.0383,2.9857
2/27/2014,102.4,3.0077,2.9605
2/28/2014,102.59,3.0163,2.9774
3/3/2014,104.92,3.0805,3.0203
3/4/2014,103.33,3.0407,2.9853
3/5/2014,101.45,2.9922,2.9403
3/6/2014,101.56,2.983,2.9455
3/7/2014,102.58,3.0121,2.9738
3/10/2014,101.12,2.9674,2.9494
3/11/2014,100.03,2.961,2.967
3/12/2014,97.99,2.9255,2.9558
3/13/2014,98.2,2.9196,2.9329
3/14/2014,98.89,2.9431,2.9597
3/17/2014,98.08,2.8908,2.8811
3/18/2014,98.88,2.9155,2.9028
3/19/2014,99.17,2.891,2.8627
3/20/2014,98.9,2.9131,2.8889
3/21/2014,99.46,2.9134,2.8996
3/24/2014,99.6,2.9102,2.8857
3/25/2014,99.19,2.9208,2.8817
3/26/2014,100.26,2.9178,2.9063
3/27/2014,101.28,2.9429,2.9394
3/28/2014,101.67,2.9478,2.9367
3/31/2014,101.58,2.9298,2.9179
4/1/2014,99.74,2.8878,2.8697
4/2/2014,99.62,2.8666,2.8668
4/3/2014,100.29,2.9062,2.9118
4/4/2014,101.14,2.9079,2.9313
4/7/2014,100.44,2.8907,2.926
4/8/2014,102.56,2.9344,2.9801
4/9/2014,103.6,2.954,3.0084
4/10/2014,103.4,2.939,3.0079
4/11/2014,103.74,2.9332,3.0144
4/14/2014,104.05,2.9791,3.0384
4/15/2014,103.75,2.987,3.0421
4/16/2014,103.76,3.0106,3.0405
4/17/2014,104.3,3.0082,3.0547
4/21/2014,103.65,3.0117,3.0869
4/22/2014,101.75,2.9955,3.0446
4/23/2014,101.44,2.9758,3.0404
4/24/2014,101.94,3.0095,3.0452
4/25/2014,100.6,2.9809,3.0266
4/28/2014,100.84,2.9445,2.9864
4/29/2014,101.28,2.9635,3.008
4/30/2014,99.74,2.9281,2.9644
5/1/2014,99.42,2.914,2.9388
5/2/2014,99.76,2.9223,2.9445
5/5/2014,99.48,2.9064,2.9092
5/6/2014,99.5,2.8877,2.8858
5/7/2014,100.77,2.9275,2.9182
5/8/2014,100.26,2.9202,2.905
5/9/2014,99.99,2.9068,2.896
5/12/2014,100.59,2.9185,2.9146
5/13/2014,101.7,2.944,2.9302
5/14/2014,102.37,2.9626,2.9693
5/15/2014,101.5,2.9506,2.9642
5/16/2014,102.02,2.9536,2.9735
5/19/2014,102.11,2.9409,2.9646
5/20/2014,102.33,2.9492,2.9502
5/21/2014,104.07,2.9526,2.9793
5/22/2014,103.74,2.9501,2.9884
5/23/2014,104.35,2.9549,3.0066
5/27/2014,104.11,2.9394,2.9807
5/28/2014,102.72,2.9304,2.9881
5/29/2014,103.58,2.9199,2.9958
5/30/2014,102.71,2.8882,2.9719
6/2/2014,102.47,2.8773,2.9499
6/3/2014,102.66,2.8658,2.9487
6/4/2014,102.64,2.8481,2.9352
6/5/2014,102.48,2.8797,2.9563
6/6/2014,102.66,2.8712,2.939
6/9/2014,104.41,2.8912,2.9848
6/10/2014,104.35,2.8841,2.9745
6/11/2014,104.4,2.9043,3.0008
6/12/2014,106.53,2.9893,3.0837
6/13/2014,106.91,2.9876,3.0577
6/16/2014,106.9,2.9979,3.0718
6/17/2014,106.36,3.018,3.0911
6/18/2014,105.59,3.0401,3.0982
6/19/2014,106.05,3.0599,3.0928
6/20/2014,106.83,3.0585,3.1277
6/23/2014,106.17,3.0405,3.0792
6/24/2014,106.03,3.049,3.0965
6/25/2014,106.5,3.0359,3.0705
6/26/2014,105.84,3.0186,3.0612
6/27/2014,105.74,3.0035,3.0742
6/30/2014,105.37,2.9753,3.0433
7/1/2014,105.34,2.9782,3.0366
7/2/2014,104.48,2.9461,3.024
7/3/2014,104.06,2.9284,3.0198
7/7/2014,103.53,2.9145,2.989
7/8/2014,103.4,2.8736,2.9729
7/9/2014,102.29,2.8711,2.9377
7/10/2014,102.93,2.8933,2.9576
7/11/2014,100.83,2.8609,2.9085
7/14/2014,100.91,2.8729,2.9251
7/15/2014,99.96,2.8555,2.8986
7/16/2014,101.2,2.8578,2.8825
7/17/2014,103.19,2.8592,2.8817
7/18/2014,101.95,2.8452,2.8603
7/21/2014,102.86,2.8588,2.8632
7/22/2014,102.39,2.8636,2.8523
7/23/2014,103.12,2.8857,2.8388
7/24/2014,102.07,2.8792,2.813
7/25/2014,102.09,2.9235,2.8402
7/28/2014,101.67,2.8961,2.8255
7/29/2014,100.97,2.9133,2.8452
7/30/2014,100.27,2.8969,2.8158
7/31/2014,98.17,2.8899,2.7975
8/1/2014,97.88,2.8661,2.7443
8/4/2014,98.29,2.8712,2.7249
8/5/2014,97.38,2.8469,2.7155
8/6/2014,96.92,2.8761,2.7397
8/7/2014,97.34,2.8957,2.7723
8/8/2014,97.65,2.8769,2.7537
8/11/2014,98.08,2.8792,2.7525
8/12/2014,97.37,2.845,2.7345
8/13/2014,97.59,2.9019,2.7544
8/14/2014,95.58,2.8195,2.6666
8/15/2014,97.35,2.848,2.6986
8/18/2014,93.75,2.806,2.656
8/19/2014,92.86,2.8171,2.5636
8/20/2014,93.45,2.8313,2.5751
8/21/2014,93.96,2.8411,2.5991
8/22/2014,93.65,2.8343,2.5889
8/25/2014,93.35,2.8417,2.5954
8/26/2014,93.86,2.849,2.6001
8/27/2014,93.88,2.8646,2.5905
8/28/2014,94.55,2.8518,2.5908
8/29/2014,95.96,2.8601,2.6229
9/2/2014,92.88,2.7967,2.543
9/3/2014,95.54,2.8658,2.62
9/4/2014,94.45,2.8363,2.5999
9/5/2014,93.29,2.8192,2.5834
9/8/2014,92.66,2.8094,2.5619
9/9/2014,92.75,2.7915,2.5484
9/10/2014,91.67,2.7533,2.5265
9/11/2014,92.83,2.7561,2.5241
9/12/2014,92.27,2.7405,2.5188
9/15/2014,92.92,2.7396,2.5308
9/16/2014,94.88,2.7563,2.5588
9/17/2014,94.42,2.7451,2.5692
9/18/2014,93.07,2.7123,2.561
9/19/2014,91.65,2.7166,2.527
9/22/2014,90.87,2.6929,2.4901
9/23/2014,91.56,2.6886,2.504
9/24/2014,92.8,2.693,2.5123
9/25/2014,92.53,2.6992,2.5398
9/26/2014,93.54,2.7024,2.4881
9/29/2014,94.57,2.7082,2.5142
9/30/2014,91.16,2.6505,2.4373
10/1/2014,90.73,2.6556,2.4497
10/2/2014,91.01,2.638,2.4091
10/3/2014,89.74,2.6163,2.3785
10/6/2014,90.34,2.6213,2.4132
10/7/2014,88.85,2.6073,2.3683
10/8/2014,87.31,2.5759,2.3184
10/9/2014,85.77,2.5366,2.2749
10/10/2014,85.82,2.5602,2.2575
10/13/2014,85.74,2.5568,2.2553
10/14/2014,81.84,2.4722,2.1802
10/15/2014,81.78,2.4586,2.1487
10/16/2014,82.7,2.4703,2.2109
10/17/2014,82.06,2.4976,2.2327
10/20/2014,81.91,2.4856,2.1414
10/21/2014,82.49,2.4967,2.1559
10/22/2014,80.52,2.4592,2.109
10/23/2014,82.09,2.4864,2.1662
10/24/2014,81.01,2.4676,2.1424
10/27/2014,81,2.4629,2.1346
10/28/2014,81.42,2.4807,2.1552
10/29/2014,82.2,2.5235,2.1816
10/30/2014,81.12,2.505,2.161
10/31/2014,80.54,2.5109,2.1478
11/3/2014,78.78,2.4899,2.1176
11/4/2014,77.19,2.4427,2.078
11/5/2014,78.68,2.4387,2.0867
11/6/2014,77.91,2.4587,2.1301
11/7/2014,78.65,2.4995,2.1352
11/10/2014,77.4,2.4693,2.1011
11/11/2014,77.94,2.4687,2.1036
11/12/2014,77.18,2.4469,2.107
11/13/2014,74.21,2.3621,2.0016
11/14/2014,75.82,2.4161,2.0425
11/17/2014,75.64,2.4039,2.0263
11/18/2014,74.64,2.3626,2.0236
11/19/2014,74.5,2.3412,2.0225
11/20/2014,75.85,2.363,2.015
11/21/2014,76.51,2.3813,2.0439
11/24/2014,75.78,2.3668,2.0217
11/25/2014,74.09,2.3477,2.0123
11/26/2014,73.69,2.3291,2.0119
11/28/2014,66.15,2.1612,1.8276
12/1/2014,69,2.2124,1.881
12/2/2014,66.88,2.1544,1.8116
12/3/2014,67.38,2.1334,1.807
12/4/2014,66.81,2.1177,1.7948
12/5/2014,65.84,2.1078,1.7734
12/8/2014,63.05,2.0549,1.7066
12/9/2014,63.82,2.084,1.7236
12/10/2014,60.94,2.0464,1.6418
12/11/2014,59.95,2.0614,1.6244
12/12/2014,57.81,2.016,1.5973
12/15/2014,55.91,2.0017,1.5764
12/16/2014,55.93,1.96,1.541
12/17/2014,56.47,2.0085,1.5662
12/18/2014,54.36,1.8873,1.5401
12/19/2014,57.13,1.9272,1.5746
12/22/2014,55.26,1.9129,1.5485
12/23/2014,57.12,1.9517,1.5848
12/24/2014,55.84,1.8889,1.5287
12/26/2014,54.73,1.8842,1.5247
12/29/2014,53.61,1.8216,1.467
12/30/2014,54.12,1.8416,1.4711
12/31/2014,53.27,1.8336,1.4721
1/2/2015,52.69,1.7957,1.4334
1/5/2015,50.04,1.7492,1.3814
1/6/2015,47.93,1.7262,1.3543
1/7/2015,48.65,1.6999,1.3376
1/8/2015,48.79,1.711,1.3409
1/9/2015,48.36,1.703,1.3232
1/12/2015,46.07,1.6541,1.2745
1/13/2015,45.89,1.633,1.2685
1/14/2015,48.48,1.6552,1.3507
1/15/2015,46.25,1.6233,1.2994
1/16/2015,49.13,1.6656,1.3588
1/20/2015,46.47,1.5905,1.3413
1/21/2015,47.78,1.6172,1.3582
1/22/2015,46.31,1.6104,1.3569
1/23/2015,45.59,1.6211,1.3725
1/26/2015,45.15,1.6143,1.347
1/27/2015,46.23,1.6402,1.3841
1/28/2015,44.45,1.6093,1.377
1/29/2015,44.53,1.6047,1.3913
1/30/2015,48.24,1.7008,1.4788
2/2/2015,49.57,1.7575,1.5446
2/3/2015,53.05,1.8465,1.6013
2/4/2015,48.45,1.7666,1.4817
2/5/2015,50.48,1.8059,1.5248
2/6/2015,51.69,1.8391,1.5591
2/9/2015,52.86,1.8729,1.5782
2/10/2015,50.02,1.8327,1.5523
2/11/2015,48.84,1.8141,1.5432
2/12/2015,51.21,1.9137,1.5955
2/13/2015,52.78,1.9714,1.6262
2/17/2015,53.53,1.9774,1.5901
2/18/2015,52.82,1.8856,1.8167
2/19/2015,51.83,1.8846,1.839
2/20/2015,50.81,1.9101,1.8417
2/23/2015,49.45,1.8923,1.8382
2/24/2015,49.28,1.8744,1.8226
2/25/2015,50.99,1.9407,1.9169
2/26/2015,48.17,1.8933,1.9008
2/27/2015,49.76,1.9737,1.9779
3/2/2015,49.59,1.8873,1.8973
3/3/2015,50.52,1.9395,1.9499
3/4/2015,51.53,1.9013,1.9257
3/5/2015,50.76,1.8773,1.8873
3/6/2015,49.61,1.869,1.8819
3/9/2015,50,1.8398,1.8747
3/10/2015,48.29,1.8135,1.8183
3/11/2015,48.17,1.8204,1.8264
3/12/2015,47.05,1.7791,1.8069
3/13/2015,44.84,1.713,1.7623
3/16/2015,43.88,1.6986,1.7286
3/17/2015,43.46,1.6939,1.7301
3/18/2015,46.65,1.7725,1.7991
3/19/2015,45.53,1.7027,1.7715
3/20/2015,46.57,1.716,1.7948
3/23/2015,47.45,1.718,1.8032
3/24/2015,47.51,1.7007,1.7977
3/25/2015,49.21,1.7226,1.8348
3/26/2015,51.43,1.7856,1.8815
3/27/2015,48.87,1.7216,1.7968
3/30/2015,48.68,1.7281,1.7952
3/31/2015,47.6,1.708,1.77
4/1/2015,50.09,1.7469,1.8312
4/2/2015,49.14,1.6825,1.7613
4/6/2015,52.14,1.7643,1.8425
4/7/2015,53.98,1.7838,1.8609
4/8/2015,50.42,1.6981,1.7392
4/9/2015,50.79,1.7268,1.7592
4/10/2015,51.64,1.7661,1.8073
4/13/2015,51.91,1.7833,1.8046
4/14/2015,53.29,1.8017,1.836
4/15/2015,56.39,1.8888,1.936
4/16/2015,56.71,1.908,1.9354
4/17/2015,57.32,1.8824,1.9299
4/20/2015,57.88,1.8818,1.9368
4/21/2015,56.61,1.8567,1.8926
4/22/2015,56.16,1.8731,1.9265
4/23/2015,57.74,1.9268,1.9934
4/24/2015,57.15,1.9323,2.0058
4/27/2015,56.99,1.9249,2.0049
4/28/2015,57.06,1.9204,1.9969
4/29/2015,58.58,1.9516,2.0125
4/30/2015,59.63,1.9805,2.0451
5/1/2015,59.15,1.9822,2.0453
5/4/2015,58.93,1.9787,2.0339
5/5/2015,60.4,2.0145,2.0634
5/6/2015,60.93,2.0161,2.0366
5/7/2015,58.94,1.9617,1.9903
5/8/2015,59.39,1.9537,1.9918
5/11/2015,59.25,1.9454,1.9864
5/12/2015,60.75,1.9989,2.0393
5/13/2015,60.5,2.0051,2.0405
5/14/2015,59.88,2.0056,2.0575
5/15/2015,59.69,2.0048,2.0568
5/18/2015,60.24,1.9868,2.0411
5/19/2015,57.99,1.9314,1.9832
5/20/2015,58.98,1.9499,2.027
5/21/2015,60.72,1.9899,2.0679
5/22/2015,59.72,1.9573,2.039
5/26/2015,58.03,1.9042,1.9839
5/27/2015,57.51,1.8603,1.9326
5/28/2015,57.68,1.8732,1.97
5/29/2015,60.3,1.9497,2.0627
6/1/2015,60.2,1.9264,2.0422
6/2/2015,61.26,1.9455,2.0648
6/3/2015,59.64,1.8918,2.0453
6/4/2015,58,1.8439,1.9806
6/5/2015,59.13,1.8696,2.03
6/8/2015,58.14,1.8548,2.0075
6/9/2015,60.14,1.9179,2.0771
6/10/2015,61.43,1.9459,2.1464
6/11/2015,60.77,1.921,2.1381
6/12/2015,59.96,1.8892,2.1211
6/15/2015,59.52,1.8703,2.0991
6/16/2015,59.97,1.8849,2.1245
6/17/2015,59.92,1.9098,2.1005
6/18/2015,60.45,1.9152,2.069
6/19/2015,59.97,1.8734,2.0202
6/22/2015,60.38,1.8762,1.9962
6/23/2015,61.01,1.9188,2.0433
6/24/2015,60.27,1.8831,2.0248
6/25/2015,59.7,1.8687,2.0085
6/26/2015,59.63,1.8696,2.0204
6/29/2015,58.33,1.8436,2.0033
6/30/2015,59.47,1.8899,2.0494
7/1/2015,56.96,1.8393,2.0068
7/2/2015,56.93,1.8399,2.0343
7/6/2015,52.53,1.7089,1.9237
7/7/2015,52.33,1.7113,1.9494
7/8/2015,51.65,1.7152,1.999
7/9/2015,52.78,1.736,2.0451
7/10/2015,52.74,1.7399,2.0165
7/13/2015,52.2,1.7187,1.9396
7/14/2015,53.04,1.7253,1.9307
7/15/2015,51.41,1.6693,1.8589
7/16/2015,50.91,1.6662,1.8429
7/17/2015,50.89,1.6641,1.8774
7/20/2015,50.44,1.6584,1.8783
7/21/2015,50.86,1.6899,1.8745
7/22/2015,49.19,1.6793,1.8231
7/23/2015,48.45,1.6627,1.8081
7/24/2015,48.14,1.6378,1.7824
7/27/2015,47.39,1.604,1.7666
7/28/2015,47.98,1.6122,1.7484
7/29/2015,48.79,1.6059,1.755
7/30/2015,48.52,1.6079,1.769
7/31/2015,47.12,1.5889,1.772
8/3/2015,45.17,1.5305,1.6745
8/4/2015,45.74,1.5475,1.6852
8/5/2015,45.15,1.5385,1.6705
8/6/2015,44.66,1.5499,1.6478
8/7/2015,43.87,1.5436,1.623
8/10/2015,44.96,1.5921,1.694
8/11/2015,43.08,1.5629,1.6937
8/12/2015,43.3,1.5869,1.7635
8/13/2015,42.23,1.5687,1.7141
8/14/2015,42.5,1.5579,1.6869
8/17/2015,41.87,1.5548,1.6542
8/18/2015,43.12,1.5586,1.4823
8/19/2015,41.27,1.518,1.418
8/20/2015,41.32,1.5069,1.3929
8/21/2015,40.45,1.4741,1.3844
8/24/2015,38.24,1.4055,1.3117
8/25/2015,39.31,1.4107,1.2935
8/26/2015,38.6,1.3983,1.2306
8/27/2015,42.56,1.513,1.3287
8/28/2015,45.22,1.5911,1.3971
8/31/2015,49.2,1.7012,1.4991
9/1/2015,45.41,1.5779,1.3956
9/2/2015,46.25,1.6092,1.4252
9/3/2015,46.75,1.6188,1.4371
9/4/2015,46.05,1.596,1.4182
9/8/2015,45.94,1.5938,1.4021
9/9/2015,44.15,1.5386,1.3597
9/10/2015,45.92,1.5747,1.3936
9/11/2015,44.63,1.55,1.3699
9/14/2015,44,1.5035,1.3043
9/15/2015,44.59,1.5,1.322
9/16/2015,47.15,1.5414,1.3689
9/17/2015,46.9,1.5297,1.376
9/18/2015,45.02,1.4907,1.3382
9/21/2015,46.96,1.539,1.3838
9/22/2015,46.36,1.5564,1.3976
9/23/2015,44.48,1.5279,1.3649
9/24/2015,44.91,1.544,1.3513
9/25/2015,45.7,1.5456,1.3793
9/28/2015,44.43,1.5017,1.3326
9/29/2015,45.23,1.5251,1.3495
9/30/2015,45.09,1.5374,1.3667
10/1/2015,44.74,1.5198,1.3668
10/2/2015,45.54,1.5199,1.3414
10/5/2015,46.26,1.5483,1.3853
10/6/2015,48.53,1.6115,1.4362
10/7/2015,47.81,1.5796,1.39
10/8/2015,49.43,1.6018,1.4078
10/9/2015,49.63,1.5909,1.4167
10/12/2015,47.1,1.5024,1.3411
10/13/2015,46.66,1.4708,1.314
10/14/2015,46.64,1.4833,1.3083
10/15/2015,46.38,1.4863,1.3128
10/16/2015,47.72,1.4966,1.328
10/19/2015,46.28,1.4796,1.2685
10/20/2015,46.29,1.4782,1.2895
10/21/2015,45.2,1.4737,1.2859
10/22/2015,45.38,1.4871,1.306
10/23/2015,44.6,1.4781,1.2964
10/26/2015,43.98,1.449,1.2828
10/27/2015,43.2,1.4456,1.2783
10/28/2015,45.94,1.5041,1.3384
10/29/2015,46.06,1.4984,1.3394
10/30/2015,46.59,1.5167,1.3716
11/2/2015,46.14,1.5069,1.3753
11/3/2015,47.9,1.566,1.4455
11/4/2015,46.32,1.5035,1.3919
11/5/2015,45.2,1.4872,1.361
11/6/2015,44.29,1.4896,1.3695
11/9/2015,43.87,1.4774,1.3705
11/10/2015,44.21,1.4865,1.3618
11/11/2015,42.93,1.4477,1.3294
11/12/2015,41.75,1.4066,1.2731
11/13/2015,40.74,1.3813,1.2389
11/16/2015,41.74,1.3851,1.234
11/17/2015,40.67,1.3681,1.2264
11/18/2015,41.95,1.4014,1.2508
11/19/2015,41.72,1.3956,1.2651
11/20/2015,41.9,1.3969,1.2671
11/23/2015,41.75,1.4005,1.2864
11/24/2015,42.87,1.4266,1.3562
11/25/2015,43.04,1.4262,1.3536
11/27/2015,41.71,1.3781,1.3367
11/30/2015,41.65,1.3542,1.3069
12/1/2015,41.85,1.369,1.363
12/2/2015,39.94,1.3049,1.2931
12/3/2015,41.08,1.3586,1.2963
12/4/2015,39.97,1.3424,1.2702
12/7/2015,37.65,1.2796,1.2094
12/8/2015,37.51,1.2592,1.2036
12/9/2015,37.16,1.2389,1.2317
12/10/2015,36.76,1.2251,1.2802
12/11/2015,35.62,1.1456,1.2815
12/14/2015,36.31,1.1277,1.2558
12/15/2015,37.35,1.1467,1.2444
12/16/2015,35.52,1.1122,1.2328
12/17/2015,36.27,1.1053,1.2624
12/18/2015,36.06,1.1383,1.27
12/21/2015,35.81,1.1288,1.2173
12/22/2015,36.14,1.1201,1.1859
12/23/2015,37.5,1.1504,1.252
12/24/2015,38.1,1.1331,1.2758
12/28/2015,36.81,1.1208,1.243
12/29/2015,37.87,1.1587,1.2853
12/30/2015,36.6,1.111,1.2436
12/31/2015,37.04,1.1239,1.271
1/4/2016,36.76,1.1264,1.2907
1/5/2016,35.97,1.1253,1.2567
1/6/2016,33.97,1.0807,1.1618
1/7/2016,33.27,1.0656,1.146
1/8/2016,33.16,1.0521,1.1277
1/11/2016,31.41,1.0149,1.113
1/12/2016,30.44,0.9901,1.0848
1/13/2016,30.48,0.9694,1.0528
1/14/2016,31.2,0.9808,1.0684
1/15/2016,30.39,0.9343,1.0212
1/19/2016,29.57,0.9224,1.0527
1/20/2016,28.35,0.8778,1.0427
1/21/2016,29.53,0.9111,1.0549
1/22/2016,32.19,1.0076,1.1081
1/25/2016,30.34,0.9501,1.0525
1/26/2016,31.45,0.9813,1.0685
1/27/2016,32.3,1.037,1.067
1/28/2016,33.22,1.0447,1.1003
1/29/2016,33.62,1.0787,1.1323
2/1/2016,31.62,1.0365,1.083
2/2/2016,29.88,1.0109,1.0008
2/3/2016,32.28,1.0786,1.0137
2/4/2016,31.72,1.0805,1.0284
2/5/2016,30.89,1.059,0.9927
2/8/2016,29.69,1.0464,0.9561
2/9/2016,27.94,0.9749,0.8989
2/10/2016,27.45,0.9749,0.9425
2/11/2016,26.21,0.9791,0.9417
2/12/2016,29.44,1.0693,1.0432
2/16/2016,29.04,1.027,0.9709
2/17/2016,30.66,1.101,1.0034
2/18/2016,32.93,1.0936,1.2272
2/19/2016,31.75,1.0409,1.2069
2/22/2016,33.39,1.0718,1.252
2/23/2016,31.87,1.039,1.2197
2/24/2016,32.15,1.0741,1.2758
2/25/2016,33.07,1.0848,1.3122
2/26/2016,32.78,1.0668,1.2951
2/29/2016,33.75,1.0937,1.3207
3/1/2016,34.4,1.0995,1.3035
3/2/2016,34.66,1.1065,1.3107
3/3/2016,34.57,1.1202,1.2988
3/4/2016,35.92,1.1613,1.3321
3/7/2016,37.9,1.2225,1.3927
3/8/2016,36.5,1.2,1.3878
3/9/2016,38.29,1.2327,1.4705
3/10/2016,37.84,1.2161,1.439
3/11/2016,38.5,1.218,1.4443
3/14/2016,37.18,1.1965,1.4226
3/15/2016,36.34,1.1777,1.4082
3/16/2016,38.46,1.2312,1.4514
3/17/2016,41.66,1.2545,1.4732
3/18/2016,41.14,1.2391,1.4609
3/21/2016,41.52,1.2494,1.4912
3/22/2016,41.45,1.2626,1.526
3/23/2016,39.79,1.2155,1.4832
3/24/2016,39.46,1.21,1.4946
3/28/2016,39.39,1.1924,1.4956
3/29/2016,38.28,1.1673,1.4808
3/30/2016,38.32,1.1721,1.4661
3/31/2016,38.34,1.1855,1.4467
4/1/2016,36.79,1.1317,1.4016
4/4/2016,35.7,1.0889,1.377
4/5/2016,35.89,1.0746,1.3778
4/6/2016,37.75,1.1403,1.3947
4/7/2016,37.26,1.1257,1.3812
4/8/2016,39.72,1.2004,1.4637
4/11/2016,40.36,1.2147,1.5077
4/12/2016,42.17,1.2759,1.5343
4/13/2016,41.76,1.2656,1.543
4/14/2016,41.5,1.2543,1.5212
4/15/2016,40.36,1.2322,1.4783
4/18/2016,41.19,1.2359,1.4365
4/19/2016,42.47,1.2711,1.4981
4/20/2016,44.18,1.3383,1.5268
4/21/2016,43.18,1.3072,1.5322
4/22/2016,43.73,1.3174,1.5484
4/25/2016,42.64,1.2991,1.5314
4/26/2016,44.04,1.3387,1.5794
4/27/2016,45.33,1.3834,1.5947
4/28/2016,46.03,1.4077,1.6107
4/29/2016,45.92,1.386,1.6044
5/2/2016,44.78,1.3555,1.5628
5/3/2016,43.65,1.3334,1.51
5/4/2016,43.78,1.3282,1.4866
5/5/2016,44.32,1.3287,1.4914
5/6/2016,44.66,1.3373,1.4962
5/9/2016,43.44,1.2863,1.4427
5/10/2016,44.66,1.3375,1.4857
5/11/2016,46.23,1.3967,1.5815
5/12/2016,46.7,1.394,1.5833
5/13/2016,46.21,1.4031,1.5882
5/16/2016,47.72,1.4401,1.6063
5/17/2016,48.31,1.4674,1.6393
5/18/2016,48.78,1.4831,1.6536
5/19/2016,48.67,1.4839,1.6399
5/20/2016,48.41,1.4921,1.6412
5/23/2016,48.08,1.482,1.6488
5/24/2016,48.62,1.493,1.6572
5/25/2016,49.56,1.5169,1.6486
5/26/2016,49.48,1.5062,1.6267
5/27/2016,49.33,1.5015,1.6378
5/31/2016,49.1,1.4971,1.6134
6/1/2016,49.01,1.4989,1.6153
6/2/2016,49.17,1.5088,1.6346
6/3/2016,48.62,1.4881,1.6075
6/6/2016,49.69,1.5031,1.5887
6/7/2016,50.36,1.5415,1.5871
6/8/2016,51.23,1.5705,1.6198
6/9/2016,50.56,1.5512,1.6186
6/10/2016,49.07,1.516,1.5596
6/13/2016,48.88,1.5145,1.5362
6/14/2016,48.49,1.502,1.5213
6/15/2016,48.01,1.4778,1.5152
6/16/2016,46.21,1.4229,1.4785
6/17/2016,48.56,1.4817,1.5053
6/20/2016,49.96,1.5274,1.5954
6/21/2016,49.85,1.5263,1.6034
6/22/2016,49.13,1.5153,1.5948
6/23/2016,50.11,1.5317,1.6116
6/24/2016,47.64,1.4685,1.5338
6/27/2016,46.33,1.4417,1.4864
6/28/2016,47.85,1.484,1.5199
6/29/2016,49.88,1.5463,1.5383
6/30/2016,48.33,1.4887,1.5013
7/1/2016,48.99,1.5115,1.5135
7/5/2016,46.6,1.4456,1.4287
7/6/2016,47.43,1.4711,1.4329
7/7/2016,45.14,1.4106,1.3631
7/8/2016,45.41,1.4123,1.3708
7/11/2016,44.76,1.4163,1.3835
7/12/2016,46.8,1.4632,1.4301
7/13/2016,44.75,1.3809,1.3784
7/14/2016,45.68,1.4064,1.414
7/15/2016,45.95,1.3974,1.422
7/18/2016,45.94,1.3778,1.3872
7/19/2016,45.45,1.4098,1.3852
7/20/2016,45.75,1.4314,1.373
7/21/2016,44.75,1.3976,1.3614
7/22/2016,44.19,1.3825,1.3615
7/25/2016,43.13,1.3502,1.3335
7/26/2016,42.92,1.3529,1.3436
7/27/2016,41.92,1.3229,1.3172
7/28/2016,41.14,1.2992,1.3011
7/29/2016,41.6,1.3075,1.3194
8/1/2016,40.06,1.2579,1.3036
8/2/2016,39.51,1.259,1.3116
8/3/2016,40.83,1.2875,1.3499
8/4/2016,41.93,1.3259,1.368
8/5/2016,41.8,1.317,1.3763
8/8/2016,43.02,1.3436,1.362
8/9/2016,42.77,1.3307,1.3462
8/10/2016,41.71,1.3184,1.3014
8/11/2016,43.49,1.3849,1.3617
8/12/2016,44.49,1.4086,1.3709
8/15/2016,45.74,1.4499,1.4007
8/16/2016,46.58,1.4613,1.4226
8/17/2016,46.79,1.4892,1.3887
8/18/2016,48.89,1.526,1.4214
8/19/2016,49.11,1.5386,1.4385
8/22/2016,47.41,1.5048,1.4046
8/23/2016,48.1,1.5183,1.4196
8/24/2016,46.77,1.5103,1.4147
8/25/2016,47.33,1.5232,1.4237
8/26/2016,47.64,1.5111,1.4284
8/29/2016,46.98,1.5007,1.3958
8/30/2016,46.35,1.4847,1.3745
8/31/2016,44.7,1.4257,1.3334
9/1/2016,43.16,1.3819,1.2724
9/2/2016,44.44,1.4096,1.3016
9/6/2016,44.83,1.4085,1.3164
9/7/2016,45.5,1.4265,1.3464
9/8/2016,47.62,1.4822,1.4165
9/9/2016,45.88,1.4304,1.3611
9/12/2016,46.29,1.4415,1.3899
9/13/2016,44.9,1.4229,1.3494
9/14/2016,43.58,1.3817,1.3307
9/15/2016,43.91,1.4162,1.3785
9/16/2016,43.62,1.4051,1.3839
9/19/2016,43.86,1.4074,1.3534
9/20/2016,44.05,1.4168,1.3254
9/21/2016,45.34,1.4411,1.3655
9/22/2016,46.32,1.4665,1.3787
9/23/2016,44.48,1.4175,1.3557
9/26/2016,45.93,1.4579,1.3857
9/27/2016,44.67,1.4161,1.3626
9/28/2016,47.05,1.4956,1.4385
9/29/2016,47.83,1.5191,1.4421
9/30/2016,48.24,1.5383,1.4631
10/3/2016,48.81,1.5532,1.4705
10/4/2016,48.69,1.5544,1.4996
10/5/2016,49.83,1.5823,1.4928
10/6/2016,50.44,1.5958,1.4978
10/7/2016,49.81,1.5793,1.4818
10/10/2016,51.35,1.6102,1.4972
10/11/2016,50.79,1.5873,1.4829
10/12/2016,50.18,1.5668,1.4619
10/13/2016,50.44,1.5796,1.4818
10/14/2016,50.35,1.5673,1.4936
10/17/2016,49.94,1.5561,1.4823
10/18/2016,50.62,1.5885,1.4922
10/19/2016,51.82,1.6079,1.5032
10/20/2016,50.63,1.5791,1.4799
10/21/2016,50.85,1.5926,1.5122
10/24/2016,50.52,1.5985,1.4892
10/25/2016,49.96,1.5807,1.4859
10/26/2016,49.18,1.5674,1.4712
10/27/2016,49.72,1.5868,1.4777
10/28/2016,48.7,1.5576,1.4549
10/31/2016,46.86,1.5039,1.4195
11/1/2016,46.67,1.5169,1.4841
11/2/2016,45.34,1.4665,1.4479
11/3/2016,44.66,1.4582,1.4245
11/4/2016,44.07,1.4303,1.3786
11/7/2016,44.89,1.4406,1.371
11/8/2016,44.98,1.4411,1.3692
11/9/2016,45.27,1.4411,1.3572
11/10/2016,44.66,1.4366,1.3377
11/11/2016,43.41,1.4012,1.3053
11/14/2016,43.32,1.3855,1.2778
11/15/2016,45.81,1.4439,1.335
11/16/2016,45.57,1.435,1.3228
11/17/2016,45.98,1.447,1.3449
11/18/2016,46.36,1.4685,1.343
11/21/2016,48.24,1.5361,1.401
11/22/2016,48.03,1.5406,1.4137
11/23/2016,47.96,1.533,1.4256
11/25/2016,46.06,1.4862,1.3761
11/28/2016,47.08,1.5285,1.4146
11/29/2016,45.23,1.4778,1.3772
11/30/2016,49.44,1.5763,1.4825
12/1/2016,51.06,1.6479,1.547
12/2/2016,51.68,1.6581,1.5591
12/5/2016,51.79,1.6571,1.5575
12/6/2016,50.93,1.6379,1.5359
12/7/2016,49.77,1.6184,1.5082
12/8/2016,50.84,1.6259,1.5047
12/9/2016,51.5,1.6374,1.5073
12/12/2016,52.83,1.6717,1.543
12/13/2016,52.98,1.6747,1.5507
12/14/2016,51.04,1.6435,1.5331
12/15/2016,50.9,1.642,1.5421
12/16/2016,52.95,1.6723,1.5571
12/19/2016,53.06,1.669,1.583
12/20/2016,53.3,1.6888,1.6111
12/21/2016,52.49,1.6607,1.6202
12/22/2016,52.95,1.6782,1.6198
12/23/2016,53.02,1.6807,1.6399
12/27/2016,53.9,1.7171,1.6617
12/28/2016,54.06,1.7171,1.6757
12/29/2016,53.77,1.72,1.6798
12/30/2016,53.72,1.7282,1.6709
1/3/2017,52.33,1.6767,1.6218
1/4/2017,53.26,1.693,1.6459
1/5/2017,53.76,1.6942,1.6377
1/6/2017,53.99,1.7032,1.634
1/9/2017,51.96,1.6376,1.5707
1/10/2017,50.82,1.6114,1.5467
1/11/2017,52.25,1.6524,1.5929
1/12/2017,53.01,1.6756,1.6108
1/13/2017,52.37,1.6514,1.6117
1/17/2017,52.48,1.6486,1.6004
1/18/2017,51.89,1.6092,1.5774
1/19/2017,52.12,1.6329,1.564
1/20/2017,53.22,1.6628,1.594
1/23/2017,52.75,1.6456,1.5926
1/24/2017,53.18,1.6588,1.6018
1/25/2017,52.75,1.6292,1.5524
1/26/2017,53.78,1.6577,1.5693
1/27/2017,53.17,1.6343,1.5518
1/30/2017,52.63,1.6242,1.5331
1/31/2017,52.81,1.6308,1.5501
2/1/2017,53.88,1.674,1.5791
2/2/2017,53.54,1.6518,1.5329
2/3/2017,53.83,1.6651,1.5537
2/6/2017,53.01,1.6352,1.5103
2/7/2017,52.17,1.6221,1.4875
2/8/2017,52.34,1.636,1.5527
2/9/2017,53,1.6415,1.5702
2/10/2017,53.86,1.6659,1.5896
2/13/2017,52.93,1.6273,1.5446
2/14/2017,53.2,1.6382,1.5467
2/15/2017,53.11,1.6305,1.7663
2/16/2017,53.75,1.6407,1.7463
2/17/2017,53.78,1.6466,1.7424
2/21/2017,54.33,1.6528,1.7239
2/22/2017,53.59,1.6391,1.7348
2/23/2017,54.45,1.6657,1.7476
2/24/2017,53.99,1.6482,1.7365
2/27/2017,54.05,1.6483,1.7417
2/28/2017,54.01,1.6399,1.7294
3/1/2017,53.83,1.6241,1.678
3/2/2017,52.61,1.5791,1.6433
3/3/2017,53.33,1.5936,1.6531
3/6/2017,53.2,1.6045,1.6723
3/7/2017,53.14,1.6139,1.6798
3/8/2017,50.28,1.5567,1.6526
3/9/2017,49.28,1.5295,1.6243
3/10/2017,48.49,1.5036,1.6001
3/13/2017,48.4,1.5006,1.5807
3/14/2017,47.72,1.4919,1.5835
3/15/2017,48.86,1.5124,1.5834
3/16/2017,48.75,1.5043,1.5942
3/17/2017,49.31,1.5085,1.5989
3/20/2017,48.91,1.5141,1.6248
3/21/2017,48.24,1.5103,1.617
3/22/2017,48.04,1.5042,1.6125
3/23/2017,47.7,1.497,1.6013
3/24/2017,47.97,1.5039,1.6154
3/27/2017,47.73,1.5085,1.6263
3/28/2017,48.37,1.5201,1.6364
3/29/2017,49.51,1.546,1.6734
3/30/2017,50.35,1.5605,1.6837
3/31/2017,50.6,1.5746,1.703
4/3/2017,50.24,1.5634,1.6937
4/4/2017,51.03,1.5923,1.7217
4/5/2017,51.15,1.6035,1.7153
4/6/2017,51.7,1.6129,1.7296
4/7/2017,52.24,1.6284,1.7462
4/10/2017,53.08,1.6473,1.7581
4/11/2017,53.4,1.6506,1.7577
4/12/2017,53.11,1.652,1.7446
4/13/2017,53.18,1.6495,1.7349
4/17/2017,52.65,1.6329,1.7196
4/18/2017,52.85,1.6311,1.7165
4/19/2017,50.85,1.5892,1.6634
4/20/2017,50.71,1.5857,1.6713
4/21/2017,49.62,1.5594,1.6453
4/24/2017,49.23,1.5478,1.6258
4/25/2017,49.56,1.5498,1.6261
4/26/2017,49.62,1.5417,1.5944
4/27/2017,48.97,1.5116,1.5543
4/28/2017,49.33,1.5072,1.5481
5/1/2017,48.84,1.4878,1.5272
5/2/2017,47.66,1.468,1.5136
5/3/2017,47.82,1.4736,1.5338
5/4/2017,45.52,1.4123,1.4812
5/5/2017,46.22,1.4366,1.5046
5/8/2017,46.43,1.4556,1.5178
5/9/2017,45.88,1.4421,1.4895
5/10/2017,47.33,1.4754,1.5396
5/11/2017,47.83,1.4899,1.5622
5/12/2017,47.84,1.4933,1.5761
5/15/2017,48.85,1.5096,1.5954
5/16/2017,48.66,1.5164,1.6015
5/17/2017,49.07,1.5335,1.6005
5/18/2017,49.66,1.5453,1.6041
5/19/2017,50.67,1.5884,1.6478
5/22/2017,51.13,1.6082,1.6583
5/23/2017,51.47,1.6123,1.656
5/24/2017,51.36,1.6108,1.6476
5/25/2017,48.9,1.5552,1.6019
5/26/2017,49.8,1.567,1.6261
5/30/2017,49.66,1.5535,1.6243
5/31/2017,48.32,1.5179,1.5965
6/1/2017,48.36,1.5017,1.6014
6/2/2017,47.66,1.4848,1.5771
6/5/2017,47.4,1.4593,1.5381
6/6/2017,48.19,1.4662,1.5545
6/7/2017,45.72,1.4162,1.4913
6/8/2017,45.64,1.4223,1.4919
6/9/2017,45.83,1.4312,1.5017
6/12/2017,46.08,1.4254,1.488
6/13/2017,46.46,1.4477,1.4995
6/14/2017,44.73,1.4102,1.4327
6/15/2017,44.46,1.4146,1.4337
6/16/2017,44.97,1.427,1.4548
6/19/2017,44.43,1.4111,1.4446
6/20/2017,43.51,1.4022,1.4188
6/21/2017,42.53,1.3719,1.4041
6/22/2017,42.74,1.3785,1.4239
6/23/2017,43.01,1.3787,1.4224
6/26/2017,43.38,1.3864,1.4281
6/27/2017,44.24,1.4193,1.4517
6/28/2017,44.74,1.439,1.4735
6/29/2017,44.93,1.4505,1.477
6/30/2017,46.04,1.4831,1.5137
7/3/2017,47.07,1.5128,1.5348
7/5/2017,45.13,1.4785,1.5024
7/6/2017,45.52,1.4819,1.5287
7/7/2017,44.23,1.4482,1.4984
7/10/2017,44.4,1.4536,1.5007
7/11/2017,45.04,1.4763,1.5183
7/12/2017,45.49,1.4737,1.5208
7/13/2017,46.08,1.4917,1.5261
7/14/2017,46.54,1.515,1.5605
7/17/2017,46.02,1.4995,1.5567
7/18/2017,46.59,1.5104,1.5408
7/19/2017,47.32,1.5552,1.5784
7/20/2017,46.92,1.5478,1.572
7/21/2017,45.77,1.52,1.5342
7/24/2017,46.34,1.5221,1.5336
7/25/2017,47.89,1.573,1.572
7/26/2017,48.75,1.5995,1.5944
7/27/2017,49.04,1.6071,1.6197
7/28/2017,49.71,1.6409,1.6458
7/31/2017,50.17,1.6674,1.6766
8/1/2017,49.16,1.6413,1.6613
8/2/2017,49.59,1.6588,1.6448
8/3/2017,49.03,1.6389,1.6319
8/4/2017,49.58,1.6486,1.6463
8/7/2017,49.39,1.6398,1.6299
8/8/2017,49.17,1.6292,1.6208
8/9/2017,49.56,1.6533,1.62
8/10/2017,48.59,1.6313,1.6028
8/11/2017,48.82,1.6346,1.613
8/14/2017,47.59,1.6057,1.5767
8/15/2017,47.55,1.5996,1.5795
8/16/2017,46.78,1.5744,1.5638
8/17/2017,47.09,1.582,1.4949
8/18/2017,48.66,1.6204,1.5331
8/21/2017,47.53,1.5775,1.4961
8/22/2017,47.83,1.5963,1.5015
8/23/2017,48.41,1.6288,1.5278
8/24/2017,47.43,1.6234,1.5481
8/25/2017,47.87,1.6239,1.5408
8/28/2017,46.57,1.6309,1.5713
8/29/2017,46.44,1.654,1.6019
8/30/2017,45.96,1.6554,1.6375
8/31/2017,47.23,1.7419,1.7792
9/1/2017,47.29,1.7468,1.7479
9/5/2017,48.66,1.748,1.6991
9/6/2017,49.16,1.7595,1.6733
9/7/2017,49.09,1.7861,1.661
9/8/2017,47.48,1.7657,1.6476
9/11/2017,48.07,1.7427,1.6345
9/12/2017,48.23,1.7406,1.6563
9/13/2017,49.3,1.7685,1.6473
9/14/2017,49.89,1.7775,1.5967
9/15/2017,49.89,1.7988,1.6617
9/18/2017,50.35,1.7796,1.6686
9/19/2017,49.9,1.7655,1.6059
9/20/2017,50.69,1.7991,1.6158
9/21/2017,50.55,1.8074,1.6066
9/22/2017,50.66,1.8086,1.6261
9/25/2017,52.22,1.8495,1.6674
9/26/2017,51.88,1.8384,1.6491
9/27/2017,52.14,1.839,1.622
9/28/2017,51.56,1.8243,1.6148
9/29/2017,51.67,1.81,1.591
10/2/2017,50.58,1.7665,1.5553
10/3/2017,50.42,1.7505,1.5655
10/4/2017,49.98,1.7739,1.5805
10/5/2017,50.79,1.7863,1.6114
10/6/2017,49.29,1.7439,1.5588
10/9/2017,49.58,1.7352,1.5594
10/10/2017,50.92,1.7649,1.5915
10/11/2017,51.3,1.7861,1.6092
10/12/2017,50.6,1.7655,1.5832
10/13/2017,51.45,1.797,1.6222
10/16/2017,51.87,1.8129,1.6169
10/17/2017,52.11,1.8098,1.6123
10/18/2017,52.26,1.8037,1.619
10/19/2017,51.51,1.7778,1.6154
10/20/2017,51.84,1.8054,1.6435
10/23/2017,51.9,1.7896,1.639
10/24/2017,52.47,1.8226,1.6734
10/25/2017,52.18,1.8183,1.6861
10/26/2017,52.64,1.8408,1.7017
10/27/2017,53.9,1.8662,1.7174
10/30/2017,54.15,1.8762,1.7132
10/31/2017,54.38,1.8805,1.7325
11/1/2017,54.3,1.8625,1.741
11/2/2017,54.54,1.8539,1.7697
11/3/2017,55.64,1.8866,1.7934
11/6/2017,57.35,1.9422,1.83
11/7/2017,57.2,1.9219,1.8153
11/8/2017,56.81,1.9216,1.8213
11/9/2017,57.17,1.9469,1.8197
11/10/2017,56.74,1.9349,1.8124
11/13/2017,56.76,1.9321,1.7929
11/14/2017,55.7,1.907,1.7612
11/15/2017,55.33,1.9087,1.7388
11/16/2017,55.14,1.9021,1.7137
11/17/2017,56.55,1.9466,1.7447
11/20/2017,56.09,1.9321,1.7438
11/21/2017,56.96,1.925,1.778
11/22/2017,57.94,1.9262,1.7783
11/24/2017,58.73,1.9481,1.7975
11/27/2017,58.08,1.9431,1.8003
11/28/2017,58,1.9442,1.7904
11/29/2017,57.31,1.9141,1.7603
11/30/2017,57.4,1.8933,1.757
12/1/2017,58.31,1.9339,1.774
12/4/2017,57.42,1.8898,1.7299
12/5/2017,57.65,1.9079,1.7523
12/6/2017,56.05,1.8576,1.7012
12/7/2017,56.76,1.8892,1.7326
12/8/2017,57.46,1.9196,1.7487
12/11/2017,58.04,1.9434,1.7621
12/12/2017,57.13,1.9261,1.7332
12/13/2017,56.5,1.8974,1.6869
12/14/2017,57.01,1.9058,1.7082
12/15/2017,57.24,1.8997,1.6944
12/18/2017,57.23,1.9179,1.7088
12/19/2017,57.58,1.9325,1.73
12/20/2017,58.13,1.9391,1.7595
12/21/2017,58.4,1.9457,1.7698
12/22/2017,58.54,1.9642,1.7805
12/26/2017,60,2.0247,1.8112
12/27/2017,59.69,2.0213,1.8106
12/28/2017,59.87,2.0307,1.8105
12/29/2017,60.44,2.0438,1.8133
1/2/2018,60.38,2.0331,1.7848
1/3/2018,61.55,2.0664,1.8185
1/4/2018,61.9,2.0596,1.827
1/5/2018,61.41,2.0432,1.8077
1/8/2018,61.72,2.035,1.814
1/9/2018,62.87,2.0567,1.853
1/10/2018,63.42,2.0698,1.8518
1/11/2018,63.68,2.0675,1.8541
1/12/2018,64.23,2.0778,1.8656
1/16/2018,63.67,2.0586,1.8529
1/17/2018,63.92,2.0631,1.8691
1/18/2018,63.89,2.0586,1.8877
1/19/2018,63.31,2.0541,1.8647
1/22/2018,63.57,2.0551,1.8801
1/23/2018,64.47,2.0823,1.9075
1/24/2018,65.61,2.1023,1.9122
1/25/2018,65.51,2.1104,1.9089
1/26/2018,66.14,2.1275,1.9263
1/29/2018,65.56,2.0978,1.916
1/30/2018,64.5,2.0671,1.8707
1/31/2018,64.73,2.0664,1.8937
2/1/2018,65.8,2.0904,1.8958
2/2/2018,65.45,2.0535,1.872
2/5/2018,64.15,2.0196,1.8466
2/6/2018,63.39,1.9851,1.8052
2/7/2018,61.79,1.9313,1.766
2/8/2018,61.15,1.9213,1.765
2/9/2018,59.2,1.8551,1.7002
2/12/2018,59.29,1.8389,1.6785
2/13/2018,59.19,1.8369,1.6853
2/14/2018,60.6,1.8844,1.713
2/15/2018,61.34,1.8916,1.7358
2/16/2018,61.68,1.9104,1.7509
2/20/2018,61.9,1.9277,1.7503
2/21/2018,60.78,1.9209,1.9408
2/22/2018,61.78,1.9428,1.9585
2/23/2018,62.67,1.9628,1.9811
2/26/2018,63,1.9734,1.9927
2/27/2018,62.22,1.9583,1.9773
2/28/2018,60.67,1.9023,1.9233
3/1/2018,59.98,1.8814,1.896
3/2/2018,60.36,1.8803,1.8987
3/5/2018,61.6,1.9038,1.9312
3/6/2018,61.73,1.9119,1.933
3/7/2018,60.37,1.8835,1.9083
3/8/2018,59.64,1.8659,1.8771
3/9/2018,61.33,1.8984,1.9133
3/12/2018,60.87,1.8803,1.905
3/13/2018,60.41,1.8819,1.897
3/14/2018,60.66,1.8958,1.9217
3/15/2018,60.85,1.9029,1.9256
3/16/2018,61.94,1.9236,1.9497
3/19/2018,61.61,1.9182,1.9335
3/20/2018,62.9,1.9555,1.9682
3/21/2018,64.54,2.0104,2.0165
3/22/2018,63.83,1.9988,2.0109
3/23/2018,65.29,2.0261,2.0383
3/26/2018,65.03,2.0209,2.021
3/27/2018,64.86,2.0242,2.0209
3/28/2018,64.06,2.0101,2.0154
3/29/2018,64.54,2.018,2.0193
4/2/2018,62.72,1.9755,1.9675
4/3/2018,63.21,1.9874,1.9751
4/4/2018,63.1,1.9718,1.9752
4/5/2018,63.34,1.9723,1.9811
4/6/2018,61.96,1.9518,1.9533
4/9/2018,63.26,1.9857,1.9812
4/10/2018,65.17,2.0475,2.0336
4/11/2018,66.44,2.0753,2.0622
4/12/2018,66.58,2.0687,2.0502
4/13/2018,67,2.0842,2.0633
4/16/2018,65.94,2.0551,2.0389
4/17/2018,66.24,2.0507,2.0428
4/18/2018,68.15,2.0868,2.0715
4/19/2018,68.08,2.101,2.0807
4/20/2018,68.18,2.1114,2.0963
4/23/2018,68.47,2.1284,2.121
4/24/2018,67.57,2.1134,2.0945
4/25/2018,67.92,2.1168,2.0926
4/26/2018,68.08,2.133,2.1123
4/27/2018,67.98,2.1269,2.1211
4/30/2018,68.48,2.1433,2.1268
5/1/2018,67.13,2.0965,2.0857
5/2/2018,67.77,2.114,2.0803
5/3/2018,68.26,2.1072,2.0875
5/4/2018,69.58,2.1483,2.1156
5/7/2018,70.62,2.1808,2.1379
5/8/2018,68.97,2.1504,2.1135
5/9/2018,71.05,2.2112,2.1678
5/10/2018,71.31,2.2176,2.187
5/11/2018,70.68,2.2154,2.1856
5/14/2018,70.99,2.2412,2.1995
5/15/2018,71.37,2.2431,2.2045
5/16/2018,71.56,2.263,2.2455
5/17/2018,71.57,2.2746,2.2394
5/18/2018,71.37,2.2591,2.2303
5/21/2018,72.35,2.2697,2.2524
5/22/2018,72.2,2.2771,2.2636
5/23/2018,71.84,2.2859,2.2547
5/24/2018,70.71,2.2625,2.2282
5/25/2018,67.88,2.2052,2.1743
5/29/2018,66.73,2.1808,2.1371
5/30/2018,68.21,2.2255,2.1724
5/31/2018,67.04,2.2046,2.1605
6/1/2018,65.81,2.1763,2.1434
6/4/2018,64.75,2.1525,2.1224
6/5/2018,65.52,2.1416,2.1062
6/6/2018,64.73,2.1266,2.07
6/7/2018,65.95,2.1799,2.1148
6/8/2018,65.74,2.1643,2.1153
6/11/2018,66.1,2.1607,2.1049
6/12/2018,66.36,2.1618,2.0899
6/13/2018,66.64,2.1851,2.1252
6/14/2018,66.89,2.1587,2.091
6/15/2018,65.06,2.087,2.0232
6/18/2018,65.85,2.1316,2.0546
6/19/2018,65.07,2.1218,2.0379
6/20/2018,66.22,2.1071,2.0235
6/21/2018,63.55,2.0917,1.8249
6/22/2018,65.96,2.1501,1.8824
6/25/2018,65.47,2.129,1.8636
6/26/2018,67.17,2.1581,1.8929
6/27/2018,68.61,2.2006,1.9339
6/28/2018,68.79,2.2009,1.9335
6/29/2018,69.49,2.2319,1.973
7/2/2018,67.83,2.1812,1.9287
7/3/2018,67.44,2.1884,1.9419
7/5/2018,67.62,2.1979,1.9456
7/6/2018,68.04,2.1909,1.9355
7/9/2018,68.75,2.2171,1.9668
7/10/2018,69.32,2.2431,1.9827
7/11/2018,65.75,2.1229,1.8777
7/12/2018,66.96,2.1439,1.8921
7/13/2018,67.58,2.1575,1.9179
7/16/2018,64.71,2.0765,1.8232
7/17/2018,64.89,2.0917,1.8395
7/18/2018,65.53,2.1101,1.8585
7/19/2018,65.6,2.1093,1.8572
7/20/2018,65.87,2.1248,1.8734
7/23/2018,66.14,2.1386,1.8898
7/24/2018,66.47,2.1537,1.8993
7/25/2018,67.26,2.1711,1.9246
7/26/2018,67.67,2.193,1.9503
7/27/2018,67.04,2.1748,1.9394
7/30/2018,68.14,2.1916,1.9484
7/31/2018,66.97,2.1534,1.9189
8/1/2018,65.78,2.1117,1.8805
8/2/2018,66.79,2.142,1.9012
8/3/2018,66.59,2.1395,1.8979
8/6/2018,67.1,2.1516,1.9023
8/7/2018,67.62,2.18,1.9349
8/8/2018,65.54,2.1261,1.8666
8/9/2018,65.48,2.1207,1.8521
8/10/2018,66.21,2.1465,1.881
8/13/2018,65.88,2.1436,1.8647
8/14/2018,65.71,2.1383,1.8778
8/15/2018,64,2.0988,1.8406
8/16/2018,64.42,2.107,1.841
8/17/2018,64.66,2.1101,1.8427
8/20/2018,64.8,2.1245,1.8632
8/21/2018,65.19,2.1335,1.867
8/22/2018,67.2,2.1804,1.9174
8/23/2018,67.24,2.1863,1.916
8/24/2018,68.05,2.2131,1.9372
8/27/2018,68.25,2.2253,1.9496
8/28/2018,67.93,2.2214,1.9392
8/29/2018,68.87,2.2528,1.9645
8/30/2018,69.46,2.2594,1.9736
8/31/2018,69.05,2.2475,1.9634
9/4/2018,69.29,2.2583,1.9658
9/5/2018,68.17,2.2393,1.9403
9/6/2018,67.3,2.2146,1.9247
9/7/2018,67.39,2.2216,1.9344
9/10/2018,67.31,2.2228,1.9316
9/11/2018,68.89,2.2566,1.9784
9/12/2018,70.04,2.2637,2.0003
9/13/2018,68.35,2.2295,1.9622
9/14/2018,68.67,2.2173,1.9473
9/17/2018,68.59,2.2148,1.9513
9/18/2018,69.45,2.2426,1.9791
9/19/2018,70.52,2.2534,1.9947
9/20/2018,70.06,2.2364,1.9856
9/21/2018,70.37,2.2355,1.986
9/24/2018,71.76,2.2944,2.029
9/25/2018,72.1,2.314,2.0435
9/26/2018,71.41,2.3076,2.0336
9/27/2018,71.96,2.3295,2.0552
9/28/2018,73.06,2.3526,2.0757
10/1/2018,75.14,2.4114,2.1208
10/2/2018,75.04,2.4115,2.12
10/3/2018,76.24,2.4415,2.1351
10/4/2018,74.25,2.4033,2.0965
10/5/2018,74.26,2.3959,2.0826
10/8/2018,74.17,2.3971,2.0851
10/9/2018,74.81,2.4258,2.0752
10/10/2018,73.03,2.3965,2.0187
10/11/2018,70.81,2.3335,1.9314
10/12/2018,71.18,2.3232,1.9404
10/15/2018,71.61,2.3281,1.9431
10/16/2018,71.76,2.3419,1.9738
10/17/2018,69.7,2.3125,1.9165
10/18/2018,68.71,2.2964,1.888
10/19/2018,69.28,2.3027,1.9102
10/22/2018,69.36,2.3189,1.905
10/23/2018,66.43,2.2499,1.8344
10/24/2018,66.82,2.2529,1.8193
10/25/2018,67.33,2.2784,1.8104
10/26/2018,67.59,2.3034,1.812
10/29/2018,67.04,2.2841,1.8209
10/30/2018,66.18,2.2594,1.8023
10/31/2018,65.31,2.2514,1.7514
11/1/2018,63.69,2.2008,1.7165
11/2/2018,63.14,2.1728,1.7083
11/5/2018,63.1,2.1963,1.6919
11/6/2018,62.21,2.1883,1.694
11/7/2018,61.67,2.2371,1.6474
11/8/2018,60.67,2.1683,1.6443
11/9/2018,60.19,2.1728,1.6214
11/12/2018,59.93,2.1556,1.6367
11/13/2018,55.69,2.0625,1.5427
11/14/2018,56.25,2.0959,1.5606
11/15/2018,56.46,2.0741,1.5566
11/16/2018,56.46,2.0737,1.577
11/19/2018,56.76,2.0864,1.5829
