"Index","Nearby"
2010-01-04,65.85
2010-01-06,66.575
2010-01-07,67.1
2010-01-08,67.25
2010-01-11,66.675
2010-01-12,66.4
2010-01-13,68.975
2010-01-14,69.05
2010-01-15,69.975
2010-01-19,70.75
2010-01-20,70.45
2010-01-21,72.65
2010-01-22,71.975
2010-01-25,70.5
2010-01-26,68.675
2010-01-27,68.95
2010-01-28,69.4
2010-01-29,68.6
2010-02-01,66.15
2010-02-02,66.85
2010-02-03,67.075
2010-02-04,66.925
2010-02-05,66.725
2010-02-08,68.775
2010-02-09,67.85
2010-02-10,68.175
2010-02-11,67.675
2010-02-12,68.2
2010-02-16,68.275
2010-02-17,69.2
2010-02-18,70.275
2010-02-19,69.65
2010-02-22,70.3
2010-02-24,70.35
2010-02-25,72.125
2010-02-26,72.8
2010-03-01,72.95
2010-03-02,72.45
2010-03-03,73.4
2010-03-04,73.575
2010-03-05,73.1
2010-03-08,72.8
2010-03-09,72.4
2010-03-10,72.55
2010-03-11,71.875
2010-03-12,72.65
2010-03-15,71.8
2010-03-16,71.75
2010-03-17,71.6
2010-03-18,72.875
2010-03-19,82.575
2010-03-22,82.85
2010-03-23,82.05
2010-03-24,71.125
2010-03-25,79.625
2010-03-26,78.025
2010-03-29,81.025
2010-03-30,73.05
2010-03-31,82.9
2010-04-01,83.375
2010-04-05,85.95
2010-04-06,84.3
2010-04-07,84.6
2010-04-08,84.725
2010-04-09,84.375
2010-04-12,83.975
2010-04-13,85.475
2010-04-14,84.95
2010-04-15,86.075
2010-04-16,86.15
2010-04-19,86.35
2010-04-20,85.5
2010-04-21,87.075
2010-04-22,86.95
2010-04-23,85.175
2010-04-26,84.275
2010-04-27,84.95
2010-04-28,84.6
2010-04-29,83.825
2010-04-30,86.325
2010-05-03,86.925
2010-05-04,86.75
2010-05-05,84.475
2010-05-06,84.1
2010-05-07,85.525
2010-05-10,85.85
2010-05-11,85.325
2010-05-12,85.65
2010-05-13,84.6
2010-05-14,83.55
2010-05-17,81.5
2010-05-18,81.3
2010-05-19,82.025
2010-05-20,80.25
2010-05-21,81.45
2010-05-24,81.875
2010-05-25,81.15
2010-05-26,82.6
2010-05-27,81.175
2010-05-28,82.6
2010-06-01,82.75
2010-06-02,82.175
2010-06-03,81.625
2010-06-04,79.725
2010-06-07,78.025
2010-06-08,78.2
2010-06-09,78.475
2010-06-10,77.7
2010-06-11,78.55
2010-06-14,80.05
2010-06-15,80.125
2010-06-16,80.9
2010-06-17,80.35
2010-06-18,82.65
2010-06-21,84.35
2010-06-22,84.5
2010-06-23,84.225
2010-06-24,83.25
2010-06-25,83.925
2010-06-28,82.175
2010-06-29,80.95
2010-06-30,81.65
2010-07-01,81.85
2010-07-02,80.05
2010-07-06,80.275
2010-07-07,80.825
2010-07-08,80.9
2010-07-09,80.025
2010-07-12,79.45
2010-07-13,79.35
2010-07-14,81.425
2010-07-15,80.825
2010-07-16,81.7
2010-07-19,81.625
2010-07-20,80.025
2010-07-21,81.5
2010-07-22,82.625
2010-07-23,83.225
2010-07-26,75.475
2010-07-27,76.225
2010-07-28,76.95
2010-07-29,84.85
2010-07-30,79.025
2010-08-02,79.6
2010-08-03,78.925
2010-08-04,78.95
2010-08-05,76.025
2010-08-06,74.075
2010-08-09,73.3
2010-08-10,74.075
2010-08-11,73.65
2010-08-12,74.625
2010-08-13,74.65
2010-08-16,74.85
2010-08-17,75.525
2010-08-18,78.075
2010-08-19,77.85
2010-08-20,77.2
2010-08-23,78.225
2010-08-24,77.275
2010-08-25,77.1
2010-08-26,75.8
2010-08-27,74.825
2010-08-30,74.875
2010-08-31,75.15
2010-09-01,74.95
2010-09-02,76.425
2010-09-03,77.2
2010-09-07,75.6
2010-09-09,77.375
2010-09-10,77.25
2010-09-13,76.3
2010-09-14,78.7
2010-09-15,79.25
2010-09-16,78.2
2010-09-17,77.7
2010-09-20,76.775
2010-09-21,77.075
2010-09-22,76.325
2010-09-23,76.025
2010-09-24,76.45
2010-09-27,76.775
2010-09-29,73.85
2010-09-30,74.875
2010-10-01,72.875
2010-10-04,71.9
2010-10-05,72.25
2010-10-06,72.2
2010-10-07,71.3
2010-10-08,73.85
2010-10-11,72.625
2010-10-12,72.775
2010-10-13,71.7
2010-10-14,68.85
2010-10-15,68.9
2010-10-18,68.025
2010-10-19,68.2
2010-10-20,68.725
2010-10-21,69.325
2010-10-22,70.65
2010-10-25,68.45
2010-10-26,68.675
2010-10-27,67.85
2010-10-28,67.05
2010-10-29,66.2
2010-11-01,65.2
2010-11-02,66.2
2010-11-03,66.775
2010-11-04,67.625
2010-11-05,66.95
2010-11-08,67.15
2010-11-09,66.55
2010-11-10,68.25
2010-11-11,69.125
2010-11-12,68.975
2010-11-15,69.625
2010-11-16,68.325
2010-11-17,68.625
2010-11-18,68.65
2010-11-19,69.125
2010-11-22,76.925
2010-11-23,76.9
2010-11-24,77.6
2010-11-26,77.15
2010-11-29,76.225
2010-11-30,75.775
2010-12-01,75.25
2010-12-02,76
2010-12-03,76.575
2010-12-06,75.25
2010-12-07,75.325
2010-12-08,75.675
2010-12-09,75.9
2010-12-10,75.15
2010-12-13,76.325
2010-12-14,76.125
2010-12-15,75.2
2010-12-16,74.575
2010-12-17,75.95
2010-12-20,76.075
2010-12-21,75.975
2010-12-22,78.875
2010-12-23,78.725
2010-12-27,78.85
2010-12-28,78.625
2010-12-29,79.6
2010-12-30,78.85
2010-12-31,79.75
2011-01-03,77.975
2011-01-04,77.3
2011-01-05,78.025
2011-01-06,79.775
2011-01-07,79.425
2011-01-10,79.7
2011-01-11,79.975
2011-01-12,81.125
2011-01-13,80.3
2011-01-14,79.525
2011-01-18,80.475
2011-01-19,80
2011-01-20,86.75
2011-01-21,86.575
2011-01-24,86.25
2011-01-25,87.125
2011-01-26,90.125
2011-01-27,90.025
2011-01-28,91.625
2011-01-31,94
2011-02-01,93.15
2011-02-02,91.4
2011-02-03,91.55
2011-02-04,91.65
2011-02-07,91.825
2011-02-08,91.25
2011-02-09,91.25
2011-02-10,93.7
2011-02-11,92.375
2011-02-14,92.45
2011-02-15,92.55
2011-02-16,91.9
2011-02-17,92.175
2011-02-18,92.275
2011-02-22,92.275
2011-02-23,90.975
2011-02-24,89.5
2011-02-25,90.2
2011-02-28,88.8
2011-03-01,88.1
2011-03-02,88.25
2011-03-03,88.8
2011-03-04,88.475
2011-03-07,86.4
2011-03-08,89.125
2011-03-09,89.75
2011-03-10,89.85
2011-03-11,88.15
2011-03-14,85.95
2011-03-15,84.875
2011-03-16,85.3
2011-03-17,88.15
2011-03-18,88.325
2011-03-21,100.975
2011-03-23,100.525
2011-03-24,101.175
2011-03-25,103.7
2011-03-28,103.25
2011-03-29,103.475
2011-03-30,103.15
2011-03-31,103.875
2011-04-01,103.575
2011-04-04,103.85
2011-04-05,103.25
2011-04-06,101.5
2011-04-07,100.1
2011-04-08,100.65
2011-04-12,99.35
2011-04-13,101.45
2011-04-14,102.625
2011-04-15,101.075
2011-04-18,101.275
2011-04-19,102.025
2011-04-20,101.4
2011-04-21,100.05
2011-04-25,98.525
2011-04-26,97.1
2011-04-27,96.7
2011-04-28,96.5
2011-04-29,95.225
2011-05-02,95.475
2011-05-03,92.475
2011-05-04,92.15
2011-05-05,92.425
2011-05-06,92.375
2011-05-09,92.65
2011-05-10,93.475
2011-05-11,93.225
2011-05-12,94.2
2011-05-13,94.55
2011-05-16,93.6
2011-05-17,93.875
2011-05-18,91.65
2011-05-19,91.325
2011-05-20,91.975
2011-05-23,89.25
2011-05-24,87.45
2011-05-25,87.4
2011-05-26,87.8
2011-05-27,88.925
2011-05-31,89.925
2011-06-01,89.15
2011-06-02,87.975
2011-06-03,87.85
2011-06-06,87.75
2011-06-07,89.5
2011-06-08,91.35
2011-06-09,92.975
2011-06-10,93.225
2011-06-13,93.525
2011-06-14,94.45
2011-06-15,95.25
2011-06-16,95.5
2011-06-17,94.85
2011-06-20,96.675
2011-06-21,97.975
2011-06-22,97.325
2011-06-23,95.9
2011-06-24,95.2
2011-06-27,92.35
2011-06-28,92.35
2011-06-29,93.175
2011-06-30,91.675
2011-07-01,93.15
2011-07-05,93.35
2011-07-06,93.6
2011-07-07,96.275
2011-07-08,96.175
2011-07-11,99.175
2011-07-12,97.925
2011-07-13,99.275
2011-07-14,98.175
2011-07-15,98.95
2011-07-18,98.45
2011-07-19,99.65
2011-07-20,97.85
2011-07-21,98.1
2011-07-22,100.825
2011-07-25,92.475
2011-07-26,91.7
2011-07-28,102.475
2011-07-29,92.4
2011-08-01,93
2011-08-02,92.675
2011-08-03,92.25
2011-08-04,92.75
2011-08-05,91.85
2011-08-08,90.325
2011-08-09,89.125
2011-08-10,86.85
2011-08-11,88.1
2011-08-12,89.475
2011-08-15,89.975
2011-08-16,89.4
2011-08-17,87.4
2011-08-18,86.825
2011-08-19,88.375
2011-08-22,89
2011-08-23,88.23
2011-08-24,87.05
2011-08-25,87.23
2011-08-26,87.1
2011-08-29,86.4
2011-08-30,85.7
2011-08-31,85.5
2011-09-01,85.18
2011-09-02,85.8
2011-09-06,83.35
2011-09-07,84.85
2011-09-08,86.8
2011-09-09,87.25
2011-09-12,87.25
2011-09-13,87.15
2011-09-14,83.85
2011-09-15,89
2011-09-16,82.73
2011-09-19,81.83
2011-09-20,82.98
2011-09-21,84.1
2011-09-22,82
2011-09-23,83.73
2011-09-26,83
2011-09-27,83.48
2011-09-28,83.48
2011-09-29,85.98
2011-09-30,87.8
2011-10-03,86.8
2011-10-04,86.85
2011-10-05,88.425
2011-10-06,89.225
2011-10-07,89.4
2011-10-10,87.75
2011-10-11,86.775
2011-10-12,87.45
2011-10-13,88.025
2011-10-14,90.075
2011-10-17,90.7
2011-10-18,90.95
2011-10-19,90.08
2011-10-20,89.975
2011-10-21,89.65
2011-10-24,88.825
2011-10-25,87.85
2011-10-26,87.025
2011-10-27,86.65
2011-10-28,86.675
2011-10-31,87.475
2011-11-01,87.55
2011-11-02,86.875
2011-11-03,86.6
2011-11-04,86.85
2011-11-07,85.625
2011-11-08,85.225
2011-11-09,86.95
2011-11-10,85.75
2011-11-11,87.75
2011-11-14,88.9
2011-11-15,86.45
2011-11-16,85.55
2011-11-17,87.45
2011-11-18,90.975
2011-11-21,91
2011-11-22,91.1
2011-11-23,91.45
2011-11-25,91.8
2011-11-28,90.575
2011-11-29,91.2
2011-11-30,91.575
2011-12-01,90.275
2011-12-02,89.225
2011-12-05,88.125
2011-12-06,89.075
2011-12-07,88.8
2011-12-08,87.25
2011-12-09,86.425
2011-12-12,86.6
2011-12-13,86.4
2011-12-14,86.325
2011-12-15,85.425
2011-12-16,83.15
2011-12-19,84.35
2011-12-20,84.1
2011-12-21,83.275
2011-12-22,84.55
2011-12-23,85.85
2011-12-27,85.75
2011-12-28,85.55
2011-12-29,83.975
2011-12-30,84.3
2012-01-03,85.525
2012-01-04,85.175
2012-01-05,83.85
2012-01-06,83.9
2012-01-09,83.375
2012-01-10,84.3
2012-01-11,82.9
2012-01-12,83.95
2012-01-13,85.6
2012-01-17,85.775
2012-01-18,86.275
2012-01-19,85.4
2012-01-20,85.325
2012-01-23,86.475
2012-01-24,86.025
2012-01-25,88.225
2012-01-26,86.8
2012-01-27,87.375
2012-01-30,87.15
2012-01-31,88.875
2012-02-01,90.35
2012-02-02,89.75
2012-02-03,88.925
2012-02-06,88.55
2012-02-07,89.1
2012-02-08,88.95
2012-02-09,89.65
2012-02-10,88.3
2012-02-13,87.975
2012-02-14,89.625
2012-02-15,88.9
2012-02-16,90.225
2012-02-17,90.375
2012-02-21,89.825
2012-02-22,90.325
2012-02-23,89.6
2012-02-24,89.725
2012-02-27,88.65
2012-02-28,88.025
2012-02-29,89.425
2012-03-01,90.2
2012-03-02,90.425
2012-03-05,89.425
2012-03-06,86.775
2012-03-07,87.35
2012-03-08,87.75
2012-03-09,87.825
2012-03-13,87.675
2012-03-14,94.55
2012-03-15,94.125
2012-03-16,85.875
2012-03-19,93.4
2012-03-20,92.65
2012-03-21,92.2
2012-03-22,92.825
2012-03-23,92.225
2012-03-26,92.9
2012-03-27,93.725
2012-03-28,92.175
2012-03-29,90.075
2012-03-30,90.4
2012-04-02,92.175
2012-04-03,91.65
2012-04-04,92
2012-04-05,93.525
2012-04-09,93.6
2012-04-10,93.35
2012-04-11,92.65
2012-04-12,93.225
2012-04-13,90.225
2012-04-16,88.725
2012-04-17,89.775
2012-04-18,87.35
2012-04-19,88.775
2012-04-20,87.4
2012-04-23,87.8
2012-04-24,86.55
2012-04-25,87.575
2012-04-26,87.425
2012-04-27,86.6
2012-04-30,85.925
2012-05-01,85.85
2012-05-02,84.45
2012-05-03,84.925
2012-05-04,83.725
2012-05-07,84.4
2012-05-08,84.3
2012-05-09,84.85
2012-05-10,84.5
2012-05-11,85.3
2012-05-14,85.375
2012-05-15,86.4
2012-05-16,86.5
2012-05-17,87.425
2012-05-18,88.575
2012-05-21,87.05
2012-05-22,85.825
2012-05-23,85.55
2012-05-24,86.025
2012-05-25,86.575
2012-05-29,87.675
2012-05-30,88
2012-05-31,91
2012-06-01,91.575
2012-06-04,91.05
2012-06-05,91.575
2012-06-06,92.7
2012-06-07,93.325
2012-06-08,92.925
2012-06-11,93.675
2012-06-12,92.8
2012-06-13,93.95
2012-06-14,94.525
2012-06-15,93.025
2012-06-18,95.45
2012-06-19,95.1
2012-06-20,94.75
2012-06-21,92.125
2012-06-22,91.375
2012-06-25,89.15
2012-06-26,89
2012-06-27,91.7
2012-06-28,93.9
2012-06-29,94.775
2012-07-02,94.975
2012-07-03,94.875
2012-07-05,92.875
2012-07-06,93.3
2012-07-09,93.95
2012-07-10,92.075
2012-07-11,91.3
2012-07-12,92.275
2012-07-13,90.4
2012-07-16,90.425
2012-07-17,77.675
2012-07-18,92.625
2012-07-19,80
2012-07-20,79.8
2012-07-23,78.85
2012-07-24,78.025
2012-07-25,80.2
2012-07-26,81.425
2012-07-27,81.325
2012-07-30,81.975
2012-07-31,80.3
2012-08-01,79.725
2012-08-03,75.85
2012-08-06,75.175
2012-08-07,74.925
2012-08-08,75.625
2012-08-09,75.95
2012-08-10,75.525
2012-08-13,77.05
2012-08-14,77.425
2012-08-15,75.6
2012-08-16,75.625
2012-08-17,76.2
2012-08-20,75.9
2012-08-21,75.8
2012-08-22,73.175
2012-08-23,72.575
2012-08-24,72.375
2012-08-27,73.25
2012-08-28,73.25
2012-08-29,73.7
2012-08-30,74.15
2012-08-31,74.175
2012-09-04,74.2
2012-09-05,73.625
2012-09-06,71.75
2012-09-07,71.35
2012-09-10,71.575
2012-09-11,71.425
2012-09-12,73.425
2012-09-13,73.55
2012-09-14,73.9
2012-09-17,73.35
2012-09-18,74.2
2012-09-19,74.725
2012-09-20,74.2
2012-09-21,74.975
2012-09-24,75.35
2012-09-25,74.65
2012-09-26,74.375
2012-09-27,73.6
2012-09-28,73.75
2012-10-01,75.125
2012-10-02,76.85
2012-10-03,75.875
2012-10-04,76.05
2012-10-05,76.55
2012-10-08,76.875
2012-10-09,76.8
2012-10-10,78.1
2012-10-11,77.5
2012-10-12,78.375
2012-10-15,78.55
2012-10-16,78.6
2012-10-17,79.175
2012-10-18,78.85
2012-10-19,79.625
2012-10-22,78.675
2012-10-23,78.125
2012-10-24,78.25
2012-10-25,78.125
2012-10-26,78.9
2012-10-29,77.8
2012-10-30,78.1
2012-10-31,78.275
2012-11-01,77.875
2012-11-02,77.75
2012-11-05,76.925
2012-11-06,77.575
2012-11-07,80.1
2012-11-08,80.2
2012-11-09,80.75
2012-11-12,80.325
2012-11-13,80.5
2012-11-14,80.1
2012-11-15,80.075
2012-11-16,80.325
2012-11-19,81.45
2012-11-20,87.7
2012-11-21,81.75
2012-11-23,87.375
2012-11-26,86.975
2012-11-27,86.725
2012-11-28,87.575
2012-11-29,87.125
2012-11-30,86.925
2012-12-03,85.675
2012-12-04,85.525
2012-12-05,85.65
2012-12-06,84.45
2012-12-07,83.475
2012-12-10,83.925
2012-12-11,84.15
2012-12-12,85.65
2012-12-13,85.9
2012-12-14,85.4
2012-12-17,84.75
2012-12-18,85.275
2012-12-19,86.575
2012-12-20,86.45
2012-12-21,86.9
2012-12-24,87.55
2012-12-26,87.45
2012-12-27,87.025
2012-12-28,86.375
2012-12-31,85.725
2013-01-02,86.175
2013-01-03,86.4
2013-01-04,86.225
2013-01-07,86.3
2013-01-08,86.35
2013-01-09,84.2
2013-01-10,84.6
2013-01-11,84.2
2013-01-14,87.85
2013-01-15,85.25
2013-01-16,87.425
2013-01-17,88.075
2013-01-18,88.075
2013-01-22,88.275
2013-01-23,88
2013-01-24,89.675
2013-01-25,88.925
2013-01-28,89.05
2013-01-29,89.625
2013-01-30,89.25
2013-01-31,89.35
2013-02-01,88.75
2013-02-04,88.35
2013-02-05,87.7
2013-02-06,86.25
2013-02-07,86.525
2013-02-08,86.125
2013-02-11,86.375
2013-02-12,86
2013-02-13,85.8
2013-02-14,84.325
2013-02-15,84.25
2013-02-19,83.05
2013-02-20,82.95
2013-02-21,82.375
2013-02-22,81.65
2013-02-25,81.9
2013-02-26,81.575
2013-02-27,81
2013-02-28,81
2013-03-01,81.125
2013-03-04,80.3
2013-03-05,79.25
2013-03-06,79.25
2013-03-07,81.8
2013-03-08,82.025
2013-03-11,81.15
2013-03-12,81.45
2013-03-13,80.65
2013-03-14,80.875
2013-03-15,89.325
2013-03-18,79.4
2013-03-19,88.275
2013-03-20,88.5
2013-03-21,89.55
2013-03-22,78.05
2013-03-25,90.775
2013-03-26,91.075
2013-03-27,90.675
2013-03-28,91.075
2013-04-01,91.575
2013-04-02,91.85
2013-04-03,92.475
2013-04-04,92.025
2013-04-05,89.7
2013-04-08,90.55
2013-04-09,89.85
2013-04-10,89.5
2013-04-11,89.45
2013-04-12,89.9
2013-04-15,88.6
2013-04-16,89.025
2013-04-17,90.35
2013-04-18,90.6
2013-04-19,90.2
2013-04-22,89.45
2013-04-23,89.575
2013-04-24,91
2013-04-25,91.825
2013-04-26,92.525
2013-04-29,92.15
2013-04-30,92.575
2013-05-01,92.95
2013-05-02,92.825
2013-05-03,92.175
2013-05-06,91.325
2013-05-07,91.3
2013-05-08,91.775
2013-05-09,90.575
2013-05-10,90.5
2013-05-13,90.925
2013-05-14,92.6
2013-05-15,91.925
2013-05-16,92.875
2013-05-17,91.525
2013-05-20,92.075
2013-05-21,92.4
2013-05-22,94.55
2013-05-23,93.025
2013-05-24,93.3
2013-05-28,93.35
2013-05-29,93
2013-05-30,93.475
2013-05-31,93.85
2013-06-03,93.55
2013-06-04,94.75
2013-06-05,94.575
2013-06-06,95.825
2013-06-07,96.2
2013-06-10,97.9
2013-06-11,99.15
2013-06-12,99.175
2013-06-13,98.65
2013-06-14,96.75
2013-06-17,96.65
2013-06-18,97.3
2013-06-19,98.375
2013-06-20,98.275
2013-06-21,97.45
2013-06-24,98.025
2013-06-25,97.7
2013-06-26,97.65
2013-06-27,99.4
2013-06-28,97.45
2013-07-01,97
2013-07-02,96.625
2013-07-03,96.85
2013-07-05,97.75
2013-07-08,95.55
2013-07-09,95.175
2013-07-10,95.7
2013-07-11,95.275
2013-07-12,94.9
2013-07-15,95.55
2013-07-16,96.3
2013-07-17,95.8
2013-07-18,85.625
2013-07-19,84.975
2013-07-22,97.125
2013-07-23,86.325
2013-07-24,86.625
2013-07-25,85.975
2013-07-26,84.8
2013-07-29,84.5
2013-07-30,83.2
2013-07-31,83.325
2013-08-01,83.9
2013-08-02,83.95
2013-08-05,85.5
2013-08-06,86.45
2013-08-07,84.925
2013-08-08,85.25
2013-08-09,84.975
2013-08-12,86.2
2013-08-13,86.525
2013-08-14,88.15
2013-08-15,87.3
2013-08-16,86.725
2013-08-19,86.475
2013-08-20,86.95
2013-08-21,85.825
2013-08-22,84.4
2013-08-23,85.1
2013-08-26,86.025
2013-08-27,86.575
2013-08-28,86.05
2013-08-29,87.325
2013-08-30,87.625
2013-09-03,88
2013-09-04,89.125
2013-09-05,89.4
2013-09-06,90.9
2013-09-09,90.875
2013-09-10,90.85
2013-09-11,90.3
2013-09-12,90.2
2013-09-13,90.7
2013-09-16,92.125
2013-09-17,90.975
2013-09-18,91.725
2013-09-19,87.3
2013-09-20,86.075
2013-09-23,86.425
2013-09-24,88.075
2013-09-25,88.6
2013-09-26,87.725
2013-09-27,88.125
2013-09-30,86.625
2013-10-01,85.9
2013-10-02,86.175
2013-10-03,86.775
2013-10-04,87.625
2013-10-07,87.875
2013-10-08,88.2
2013-10-09,86.525
2013-10-10,86.65
2013-10-11,86.5
2013-10-14,86.35
2013-10-15,87.8
2013-10-16,88.8
2013-10-17,88.45
2013-10-18,87.95
2013-10-21,87.475
2013-10-22,88.575
2013-10-23,88.15
2013-10-24,89.6
2013-10-25,90.425
2013-10-28,91.95
2013-10-29,91.35
2013-10-30,90.4
2013-10-31,89.175
2013-11-01,88.35
2013-11-04,88.325
2013-11-05,88.25
2013-11-06,87.35
2013-11-07,87.55
2013-11-08,88.125
2013-11-11,88.05
2013-11-12,87.2
2013-11-13,86.375
2013-11-14,85.6
2013-11-15,85.9
2013-11-18,85.6
2013-11-19,85.425
2013-11-20,86.25
2013-11-21,90.575
2013-11-22,89.675
2013-11-25,89.8
2013-11-26,90.4
2013-11-27,90.475
2013-11-29,90.575
2013-12-02,90.45
2013-12-03,88.975
2013-12-04,89
2013-12-05,88.675
2013-12-06,89
2013-12-09,89.85
2013-12-10,88.725
2013-12-11,87.775
2013-12-12,88
2013-12-13,87.175
2013-12-16,86.625
2013-12-17,85.65
2013-12-18,86.35
2013-12-19,86.375
2013-12-20,86.25
2013-12-23,86.2
2013-12-24,85.875
2013-12-26,85.3
2013-12-27,85.65
2013-12-30,84.975
2013-12-31,85.425
2014-01-02,87.075
2014-01-03,86.675
2014-01-06,86.625
2014-01-07,85.525
2014-01-08,85.575
2014-01-09,85.25
2014-01-10,85.825
2014-01-13,85.375
2014-01-14,86
2014-01-15,86.6
2014-01-16,92.25
2014-01-17,91.9
2014-01-21,92.375
2014-01-22,92.975
2014-01-23,92.95
2014-01-24,94.025
2014-01-27,94.3
2014-01-28,93.575
2014-01-29,93.8
2014-01-30,93.625
2014-01-31,94.8
2014-02-03,92.85
2014-02-04,93.125
2014-02-05,95
2014-02-06,94.2
2014-02-07,94.725
2014-02-10,94.75
2014-02-11,94.175
2014-02-12,94.375
2014-02-13,94.925
2014-02-14,96.175
2014-02-18,97.375
2014-02-19,97.2
2014-02-20,97.825
2014-02-21,99.35
2014-02-24,99.25
2014-02-25,100.575
2014-02-26,101.025
2014-02-27,103.85
2014-02-28,106.85
2014-03-03,108.675
2014-03-04,111.675
2014-03-05,110.725
2014-03-06,112.4
2014-03-07,113
2014-03-10,116
2014-03-11,117.1
2014-03-12,115.925
2014-03-13,118.925
2014-03-14,119.3
2014-03-17,130.775
2014-03-18,133
2014-03-19,132.25
2014-03-20,130.8
2014-03-21,130.325
2014-03-24,128.2
2014-03-25,125.2
2014-03-26,126.3
2014-03-27,129.3
2014-03-28,129.575
2014-03-31,127.175
2014-04-01,127.6
2014-04-02,124.8
2014-04-03,123.55
2014-04-04,120.55
2014-04-07,121.675
2014-04-08,118.75
2014-04-09,121.75
2014-04-10,121.15
2014-04-11,121.225
2014-04-14,122.65
2014-04-15,122.525
2014-04-16,123.775
2014-04-17,124.825
2014-04-21,122.35
2014-04-22,123.25
2014-04-23,126.25
2014-04-24,125.55
2014-04-25,124.525
2014-04-28,124.225
2014-04-29,125.275
2014-04-30,123.125
2014-05-01,122.8
2014-05-02,122.225
2014-05-05,122.35
2014-05-06,123.225
2014-05-07,121.175
2014-05-08,120.15
2014-05-09,120.175
2014-05-12,119
2014-05-13,119.6
2014-05-14,120.575
2014-05-15,119.425
2014-05-16,118.925
2014-05-19,119.375
2014-05-20,118.6
2014-05-21,119.925
2014-05-22,117.6
2014-05-23,123.725
2014-05-27,123.425
2014-05-28,121.275
2014-05-29,120.6
2014-05-30,120.475
2014-06-02,121.05
2014-06-03,122.3
2014-06-04,121.5
2014-06-05,122.175
2014-06-06,124.975
2014-06-09,125.95
2014-06-10,125.15
2014-06-11,125.025
2014-06-12,125.925
2014-06-13,127
2014-06-16,124.25
2014-06-17,128.05
2014-06-18,127.275
2014-06-19,129.75
2014-06-20,129.15
2014-06-23,128.975
2014-06-24,131.075
2014-06-25,128.65
2014-06-26,128.8
2014-06-27,129.825
2014-06-30,132.825
2014-07-01,130.425
2014-07-02,130.35
2014-07-03,131.6
2014-07-07,131.825
2014-07-08,129.85
2014-07-09,129.6
2014-07-10,127.95
2014-07-11,128.675
2014-07-14,130.35
2014-07-15,130.725
2014-07-16,130.525
2014-07-17,128.85
2014-07-18,127.075
2014-07-21,125.1
2014-07-22,127.575
2014-07-23,124.575
2014-07-24,107.9
2014-07-25,107.275
2014-07-28,106.625
2014-07-29,106.075
2014-07-30,103.7
2014-07-31,103.175
2014-08-01,102.825
2014-08-04,103.625
2014-08-05,101.675
2014-08-06,102.2
2014-08-07,100.25
2014-08-08,99.325
2014-08-11,100.175
2014-08-12,97.175
2014-08-13,97.4
2014-08-14,95.25
2014-08-15,94.95
2014-08-18,95.1
2014-08-19,94.825
2014-08-20,92.5
2014-08-21,93.625
2014-08-22,92.875
2014-08-25,93.45
2014-08-26,95.1
2014-08-27,95.925
2014-08-28,95.475
2014-08-29,98.125
2014-09-02,99.875
2014-09-03,101.1
2014-09-04,102.65
2014-09-05,105.625
2014-09-08,103.075
2014-09-09,105.775
2014-09-10,107.1
2014-09-11,106.375
2014-09-12,105.7
2014-09-15,106.075
2014-09-16,106.875
2014-09-17,105.1
2014-09-18,93.8
2014-09-19,94.85
2014-09-22,95.7
2014-09-23,95.25
2014-09-24,95.2
2014-09-25,93.6
2014-09-26,94.475
2014-09-29,94.85
2014-09-30,94.525
2014-10-01,94.875
2014-10-02,94.925
2014-10-03,93.025
2014-10-06,95.875
2014-10-07,94.35
2014-10-08,95.175
2014-10-09,95.625
2014-10-10,94.4
2014-10-13,94.625
2014-10-14,94.925
2014-10-15,91.925
2014-10-16,90.325
2014-10-17,90.575
2014-10-20,89.15
2014-10-21,88.45
2014-10-22,89.75
2014-10-23,88.725
2014-10-24,90.25
2014-10-27,89.05
2014-10-28,90.2
2014-10-29,88.6
2014-10-30,87.2
2014-10-31,88.025
2014-11-03,88.85
2014-11-04,87.975
2014-11-05,87.125
2014-11-06,87.65
2014-11-07,88.775
2014-11-10,89.55
2014-11-11,89.9
2014-11-12,90.675
2014-11-13,91.275
2014-11-14,92.675
2014-11-17,93
2014-11-18,91.55
2014-11-19,91.65
2014-11-20,90.9
2014-11-21,90.45
2014-11-24,90.5
2014-11-25,89.825
2014-11-26,89.55
2014-11-28,88.225
2014-12-01,88.925
2014-12-02,89
2014-12-03,86.875
2014-12-04,86.625
2014-12-05,85.625
2014-12-08,85.125
2014-12-09,84.6
2014-12-10,84.55
2014-12-11,84.35
2014-12-12,83.25
2014-12-15,83.275
2014-12-16,81.675
2014-12-17,80.475
2014-12-18,81.875
2014-12-19,81.9
2014-12-22,80.25
2014-12-23,81.65
2014-12-24,81.3
2014-12-26,81.55
2014-12-29,81.8
2014-12-30,81.175
2014-12-31,81.2
2015-01-02,81.3
2015-01-05,79.925
2015-01-06,78.575
2015-01-07,79.325
2015-01-08,78.175
2015-01-09,79.025
2015-01-12,76.65
2015-01-13,75.175
2015-01-14,76.025
2015-01-15,75.625
2015-01-16,74.5
2015-01-20,71.775
2015-01-21,74.225
2015-01-22,72.875
2015-01-23,70.65
2015-01-26,72.65
2015-01-27,72.05
2015-01-28,74.95
2015-01-29,73.2
2015-01-30,72.25
2015-02-02,70.925
2015-02-03,70.875
2015-02-04,68.125
2015-02-05,66.275
2015-02-06,69.275
2015-02-09,66.75
2015-02-10,66.575
2015-02-11,63.825
2015-02-12,64.5
2015-02-13,66.025
2015-02-17,64
2015-02-18,64.225
2015-02-19,67.05
2015-02-20,67.4
2015-02-23,68.325
2015-02-24,68.575
2015-02-25,69.325
2015-02-26,67.15
2015-02-27,67.475
2015-03-02,67.675
2015-03-03,65.6
2015-03-04,68
2015-03-05,66.825
2015-03-06,66.125
2015-03-09,66.075
2015-03-10,65.975
2015-03-11,64.125
2015-03-12,62.3
2015-03-13,62.1
2015-03-16,62.2
2015-03-17,61.775
2015-03-18,60.7
2015-03-19,74.525
2015-03-20,73.85
2015-03-23,73.625
2015-03-24,74.675
2015-03-25,74.6
2015-03-26,75.15
2015-03-27,75
2015-03-30,75.55
2015-03-31,75.8
2015-04-01,76.25
2015-04-02,75.7
2015-04-06,76.6
2015-04-07,76.35
2015-04-08,77.1
2015-04-09,76.8
2015-04-10,78.15
2015-04-13,78.775
2015-04-14,78.475
2015-04-15,75.475
2015-04-16,76.375
2015-04-17,76.275
2015-04-20,75.525
2015-04-21,77.6
2015-04-22,75.95
2015-04-23,78.325
2015-04-24,79.45
2015-04-27,79.4
2015-04-28,79.9
2015-04-29,81.2
2015-04-30,81.425
2015-05-01,81.25
2015-05-04,81.825
2015-05-05,82.75
2015-05-06,84.05
2015-05-07,83.5
2015-05-08,84.825
2015-05-11,84.275
2015-05-12,85.05
2015-05-13,84.775
2015-05-14,83.95
2015-05-15,83.35
2015-05-18,82.4
2015-05-19,82.15
2015-05-20,82.55
2015-05-21,83.775
2015-05-22,83.725
2015-05-26,82.8
2015-05-27,83.775
2015-05-28,84.625
2015-05-29,83.45
2015-06-01,84.35
2015-06-02,83.8
2015-06-03,82.475
2015-06-04,80.6
2015-06-05,81.125
2015-06-08,80.975
2015-06-09,79.975
2015-06-10,79.875
2015-06-11,79.175
2015-06-12,78.05
2015-06-15,77.2
2015-06-16,77.15
2015-06-17,76.375
2015-06-18,76
2015-06-19,73.825
2015-06-22,72.375
2015-06-23,72.25
2015-06-24,72.35
2015-06-25,72.15
2015-06-26,72.825
2015-06-29,71.775
2015-06-30,74.375
2015-07-01,74.85
2015-07-02,76.375
2015-07-06,76
2015-07-07,76.35
2015-07-08,75.8
2015-07-09,73.275
2015-07-10,73.65
2015-07-13,73.95
2015-07-14,75.925
2015-07-15,75.3
2015-07-16,76
2015-07-17,75.675
2015-07-20,74.9
2015-07-21,75.875
2015-07-22,78.525
2015-07-23,64.7
2015-07-24,64.025
2015-07-27,63.55
2015-07-28,65.05
2015-07-29,66.075
2015-07-30,65.7
2015-07-31,63.725
2015-08-03,65.325
2015-08-04,67.35
2015-08-05,66.775
2015-08-06,64.45
2015-08-07,64.125
2015-08-10,62.975
2015-08-11,62.35
2015-08-12,63.375
2015-08-13,65.05
2015-08-14,65.325
2015-08-17,66.275
2015-08-18,66.125
2015-08-19,66
2015-08-20,64.75
2015-08-21,62.825
2015-08-24,65.825
2015-08-25,67.5
2015-08-26,67
2015-08-27,67.05
2015-08-28,66.425
2015-08-31,68.025
2015-09-01,67.975
2015-09-02,69.775
2015-09-03,69.45
2015-09-04,69.15
2015-09-08,68.775
2015-09-09,68.925
2015-09-10,68.55
2015-09-11,67.325
2015-09-14,66.825
2015-09-15,69.375
2015-09-16,68.25
2015-09-17,70.575
2015-09-18,71.05
2015-09-21,64.975
2015-09-22,64.75
2015-09-23,64.225
2015-09-24,65.825
2015-09-25,65.775
2015-09-28,65.75
2015-09-29,67.05
2015-09-30,66.725
2015-10-01,64.525
2015-10-02,65.375
2015-10-05,64.725
2015-10-06,66.725
2015-10-07,65.975
2015-10-08,66.15
2015-10-09,66.125
2015-10-12,66.5
2015-10-13,67.575
2015-10-14,66.825
2015-10-15,66.825
2015-10-16,65.575
2015-10-19,65.975
2015-10-20,67.85
2015-10-21,67.025
2015-10-22,66.45
2015-10-23,63.6
2015-10-26,62.85
2015-10-27,61.25
2015-10-28,61.4
2015-10-29,59.875
2015-10-30,59.2
2015-11-02,58.225
2015-11-03,58.225
2015-11-04,57.375
2015-11-05,55.4
2015-11-06,55
2015-11-09,53.725
2015-11-10,53.55
2015-11-11,56.175
2015-11-12,56.1
2015-11-13,54.8
2015-11-16,51.8
2015-11-17,54.175
2015-11-18,56.275
2015-11-19,56.725
2015-11-20,57.45
2015-11-23,58.275
2015-11-24,57.5
2015-11-25,58.075
2015-11-27,57.675
2015-11-30,56.8
2015-12-01,59.775
2015-12-02,59.15
2015-12-03,58.825
2015-12-04,59.1
2015-12-07,57.525
2015-12-08,58.375
2015-12-09,59.25
2015-12-10,59.225
2015-12-11,60.55
2015-12-14,60.125
2015-12-15,58.925
2015-12-16,57.9
2015-12-17,55.775
2015-12-18,56.625
2015-12-21,56.45
2015-12-22,56.85
2015-12-23,57.775
2015-12-24,58.3
2015-12-28,59.125
2015-12-29,59.15
2015-12-30,59.775
2015-12-31,59.8
2016-01-04,59.425
2016-01-05,61.1
2016-01-06,60.825
2016-01-07,59.55
2016-01-08,59.85
2016-01-11,59.7
2016-01-12,61.9
2016-01-13,61.625
2016-01-14,62.35
2016-01-15,62.025
2016-01-19,62.85
2016-01-20,62.725
2016-01-21,69.025
2016-01-22,69
2016-01-25,68.775
2016-01-26,69.6
2016-01-27,70.475
2016-01-28,69.7
2016-01-29,70.7
2016-02-01,70.7
2016-02-02,69.1
2016-02-03,69.675
2016-02-04,70.25
2016-02-05,70.3
2016-02-08,69.725
2016-02-09,69.625
2016-02-10,68.35
2016-02-11,69.45
2016-02-12,70.375
2016-02-16,70.15
2016-02-17,71.15
2016-02-18,70.775
2016-02-19,68.9
2016-02-22,69.25
2016-02-23,69.95
2016-02-24,71.475
2016-02-25,71.125
2016-02-26,70.85
2016-02-29,69.975
2016-03-01,70.4
2016-03-02,70.05
2016-03-03,70.35
2016-03-04,70.8
2016-03-07,70.05
2016-03-08,69.775
2016-03-09,72.1
2016-03-10,72.175
2016-03-11,71.825
2016-03-14,70.775
2016-03-15,83.3
2016-03-16,71.3
2016-03-17,83.8
2016-03-18,83.9
2016-03-21,69.35
2016-03-22,82.85
2016-03-23,82.775
2016-03-24,80.85
2016-03-28,82.45
2016-03-29,82.925
2016-03-30,81.55
2016-03-31,80.85
2016-04-01,79.375
2016-04-04,78.725
2016-04-05,79
2016-04-06,79.975
2016-04-07,80.075
2016-04-08,80.875
2016-04-11,79.625
2016-04-12,79.2
2016-04-13,78.1
2016-04-14,77.125
2016-04-15,77.625
2016-04-18,77.825
2016-04-19,78.925
2016-04-20,79.6
2016-04-21,79.525
2016-04-22,78.825
2016-04-25,78.45
2016-04-26,77.825
2016-04-27,79.475
2016-04-28,80.775
2016-04-29,81.7
2016-05-02,82.7
2016-05-03,82.925
2016-05-04,81.825
2016-05-05,82.325
2016-05-06,81.275
2016-05-09,80.15
2016-05-10,80.8
2016-05-11,82.825
2016-05-12,83
2016-05-13,81.95
2016-05-16,83.025
2016-05-17,82.75
2016-05-18,81.225
2016-05-19,80.425
2016-05-20,79.85
2016-05-23,79.075
2016-05-24,79.375
2016-05-25,79.825
2016-05-26,81.275
2016-05-27,81.075
2016-05-31,81.45
2016-06-01,82.8
2016-06-02,84.45
2016-06-03,85.975
2016-06-06,86.8
2016-06-07,86.275
2016-06-08,87.025
2016-06-09,86.025
2016-06-10,86.625
2016-06-13,87.825
2016-06-14,89.325
2016-06-15,88.8
2016-06-16,89.5
2016-06-17,89.175
2016-06-20,88.95
2016-06-21,88.475
2016-06-22,85.85
2016-06-23,85.45
2016-06-24,84.975
2016-06-27,83.5
2016-06-28,83.975
2016-06-29,83.325
2016-06-30,83.275
2016-07-01,83.95
2016-07-05,83.25
2016-07-06,80.625
2016-07-07,80.125
2016-07-08,78.825
2016-07-11,78.35
2016-07-12,79.175
2016-07-13,79.2
2016-07-14,78.6
2016-07-15,77.925
2016-07-18,65.375
2016-07-19,64.3
2016-07-20,63.875
2016-07-21,62.275
2016-07-22,63.9
2016-07-25,64.35
2016-07-26,63.625
2016-07-27,61.05
2016-07-28,59.2
2016-07-29,59.05
2016-08-01,60.6
2016-08-02,60.525
2016-08-03,59.5
2016-08-04,58.5
2016-08-05,58.3
2016-08-08,58.85
2016-08-09,58.2
2016-08-10,58.975
2016-08-11,58.425
2016-08-12,60
2016-08-15,62.5
2016-08-16,59.85
2016-08-17,61
2016-08-18,60.7
2016-08-19,61.925
2016-08-22,61.15
2016-08-23,60.525
2016-08-24,60.325
2016-08-25,58.7
2016-08-26,61.325
2016-08-29,61.375
2016-08-30,62.05
2016-08-31,62.85
2016-09-01,63.325
2016-09-02,60.75
2016-09-06,58.925
2016-09-07,60.875
2016-09-08,61
2016-09-09,59.225
2016-09-12,59.425
2016-09-13,56.75
2016-09-14,54.925
2016-09-15,55.15
2016-09-16,55.475
2016-09-19,48.175
2016-09-20,49.075
2016-09-21,48.25
2016-09-22,48.6
2016-09-23,48.9
2016-09-26,48.6
2016-09-27,46.45
2016-09-28,46.7
2016-09-29,46.975
2016-09-30,43.975
2016-10-03,44.175
2016-10-04,43.5
2016-10-05,41.45
2016-10-06,43.175
2016-10-07,42.6
2016-10-10,42.375
2016-10-11,42.775
2016-10-12,44.05
2016-10-13,44.175
2016-10-14,42.225
2016-10-17,41.6
2016-10-18,41.125
2016-10-19,41.175
2016-10-20,41.1
2016-10-21,41.85
2016-10-24,43.2
2016-10-25,44.625
2016-10-26,44.2
2016-10-27,45.375
2016-10-28,46.8
2016-10-31,47.95
2016-11-01,46.45
2016-11-02,47.825
2016-11-03,47
2016-11-04,46.15
2016-11-07,47.1
2016-11-08,46.975
2016-11-09,46.55
2016-11-10,47.375
2016-11-11,47.125
2016-11-14,46.9
2016-11-15,46.125
2016-11-16,48.025
2016-11-17,47.45
2016-11-18,47.8
2016-11-21,56.375
2016-11-22,55.55
2016-11-23,55.55
2016-11-25,56.75
2016-11-28,55.825
2016-11-29,54.7
2016-11-30,55.225
2016-12-01,54.075
2016-12-02,54.025
2016-12-05,54.8
2016-12-06,57.475
2016-12-07,59.75
2016-12-08,60.825
2016-12-09,61.55
2016-12-12,62.175
2016-12-13,61.75
2016-12-14,61.775
2016-12-15,62.4
2016-12-16,64.7
2016-12-19,66.1
2016-12-20,64
2016-12-21,64.9
2016-12-22,64.725
2016-12-23,63.2
2016-12-27,64.75
2016-12-28,65.1
2016-12-29,64.65
2016-12-30,66.15
2017-01-03,63.5
2017-01-04,64.6
2017-01-05,64.875
2017-01-06,63.975
2017-01-09,63.75
2017-01-10,65.05
2017-01-11,65.6
2017-01-12,65.95
2017-01-13,65.6
2017-01-17,65.8
2017-01-18,65.2
2017-01-19,65.425
2017-01-20,68.475
2017-01-23,67.775
2017-01-24,67.625
2017-01-25,70.15
2017-01-26,67.225
2017-01-27,68.3
2017-01-30,68.225
2017-01-31,69.25
2017-02-01,69.1
2017-02-02,69.575
2017-02-03,70.25
2017-02-06,71.225
2017-02-07,72.175
2017-02-08,71.725
2017-02-09,70.775
2017-02-10,71.075
2017-02-13,69.7
2017-02-14,71.3
2017-02-15,70.775
2017-02-16,69.825
2017-02-17,70.775
2017-02-21,70.35
2017-02-22,67.75
2017-02-23,66.575
2017-02-24,68.025
2017-02-27,68.125
2017-02-28,67.6
2017-03-01,68.425
2017-03-02,68.275
2017-03-03,66.75
2017-03-06,67.175
2017-03-07,68.05
2017-03-08,68.425
2017-03-09,68.075
2017-03-10,68.175
2017-03-13,70.225
2017-03-14,70.825
2017-03-15,70.075
2017-03-16,69.9
2017-03-17,69.05
2017-03-20,68.65
2017-03-21,68
2017-03-22,75.75
2017-03-23,77.6
2017-03-24,75.75
2017-03-27,73.525
2017-03-28,72.45
2017-03-29,72.75
2017-03-30,74.25
2017-03-31,73.85
2017-04-03,72.65
2017-04-04,71.975
2017-04-05,72.025
2017-04-06,73.7
2017-04-07,72.775
2017-04-10,73.275
2017-04-11,74
2017-04-12,72.275
2017-04-13,72.5
2017-04-17,72.35
2017-04-18,71.5
2017-04-19,69.95
2017-04-20,68.675
2017-04-21,68.325
2017-04-24,69.525
2017-04-25,71.825
2017-04-26,70.75
2017-04-27,72.825
2017-04-28,74
2017-05-01,73.275
2017-05-02,74.15
2017-05-03,75.55
2017-05-04,76.475
2017-05-05,76.325
2017-05-08,77.375
2017-05-09,77.375
2017-05-10,77.2
2017-05-11,77.05
2017-05-12,77.95
2017-05-15,77.25
2017-05-16,78.725
2017-05-17,78.9
2017-05-18,79.275
2017-05-19,80.175
2017-05-22,80.05
2017-05-23,80.025
2017-05-24,79.85
2017-05-25,80.575
2017-05-26,81.9
2017-05-30,81
2017-05-31,83.025
2017-06-01,82.125
2017-06-02,81.975
2017-06-05,80.425
2017-06-06,81.375
2017-06-07,81.075
2017-06-08,81.675
2017-06-09,82.7
2017-06-12,80
2017-06-13,82.275
2017-06-14,82.575
2017-06-15,78.925
2017-06-16,79.125
2017-06-19,81.475
2017-06-20,81.65
2017-06-21,82.225
2017-06-22,79.875
2017-06-23,78.65
2017-06-26,78.675
2017-06-27,78.55
2017-06-28,79.475
2017-06-29,80.75
2017-06-30,83.75
2017-07-03,84.4
2017-07-05,84.575
2017-07-06,82.65
2017-07-07,83.225
2017-07-10,82
2017-07-11,82.25
2017-07-12,82.625
2017-07-13,82.525
2017-07-14,79.9
2017-07-17,80.775
2017-07-18,80.5
2017-07-19,68.8
2017-07-20,67.85
2017-07-21,67.225
2017-07-24,66.45
2017-07-25,66.85
2017-07-26,67.65
2017-07-27,67.675
2017-07-28,66.5
2017-07-31,66.025
2017-08-01,64.4
2017-08-02,66.225
2017-08-03,65.5
2017-08-04,66.775
2017-08-07,68.125
2017-08-08,67.75
2017-08-09,68.25
2017-08-10,67.975
2017-08-11,68.625
2017-08-14,69.175
2017-08-15,70.525
2017-08-16,68.775
2017-08-17,66.925
2017-08-18,66.125
2017-08-21,64.675
2017-08-22,63.875
2017-08-23,63.55
2017-08-24,63.775
2017-08-25,63.075
2017-08-28,61.625
2017-08-29,60.225
2017-08-30,61.35
2017-08-31,61.4
2017-09-01,61.45
2017-09-05,63.75
2017-09-06,63.55
2017-09-07,61.45
2017-09-08,62.15
2017-09-11,61.575
2017-09-12,59.45
2017-09-13,59.575
2017-09-14,59.025
2017-09-15,60.975
2017-09-18,60
2017-09-19,60.125
2017-09-20,58.65
2017-09-21,57.8
2017-09-22,56.625
2017-09-25,57.425
2017-09-26,58.1
2017-09-27,59.65
2017-09-28,58.275
2017-09-29,59.95
2017-10-02,61.975
2017-10-03,62.075
2017-10-04,61.9
2017-10-05,62.8
2017-10-06,60.925
2017-10-09,60.95
2017-10-10,61.55
2017-10-11,62.5
2017-10-12,61.625
2017-10-13,62.2
2017-10-16,63.7
2017-10-17,62.175
2017-10-18,63.75
2017-10-19,64.25
2017-10-20,64.85
2017-10-23,63.525
2017-10-24,64.025
2017-10-25,64.475
2017-10-26,65.05
2017-10-27,64.45
2017-10-30,65.175
2017-10-31,68
2017-11-01,66.6
2017-11-02,65.8
2017-11-03,65.1
2017-11-06,64.625
2017-11-07,63.925
2017-11-08,63.55
2017-11-09,63.175
2017-11-10,62.475
2017-11-13,62.3
2017-11-14,59.975
