2011-01-03,1379,57.7,369
2011-01-04,1369.5,56.85,367.8
2011-01-05,1393.5,57.76,373
2011-01-06,1378,57.41,369.1
2011-01-07,1365,56.82,362.7
2011-01-10,1380.5,57.13,370.6
2011-01-11,1357,56.61,362.9
2011-01-12,1415,57.87,381.5
2011-01-13,1416,57.71,383.6
2011-01-14,1422.5,57.27,388.1
2011-01-18,1413.25,57.55,383.4
2011-01-19,1411.5,57.69,383.3
2011-01-20,1414.25,57.26,385.3
2011-01-21,1412.25,57.56,379.6
2011-01-24,1404.5,57.18,380.2
2011-01-25,1374.5,55.78,372.6
2011-01-26,1385.5,56.7,374.4
2011-01-27,1399.5,57.41,377.4
2011-01-28,1398,57.27,377
2011-01-31,1413,57.88,380.3
2011-02-01,1438,58.72,390
2011-02-02,1444,59.25,386.9
2011-02-03,1435.5,58.78,386.4
2011-02-04,1433.5,58.98,383.2
2011-02-07,1424.5,58.41,382.4
2011-02-08,1434.25,58.77,385.7
2011-02-09,1451,59.74,388.6
2011-02-10,1433,59.04,382.5
2011-02-11,1416,58.49,378.1
2011-02-14,1402.75,57.69,375.5
2011-02-15,1368,56.54,366.6
2011-02-16,1366,56.61,364.3
2011-02-17,1404.5,58.25,372.7
2011-02-18,1368,56.49,362
2011-02-22,1298,53.99,346.5
2011-02-23,1331.5,55.7,356.1
2011-02-24,1329.25,55.28,354.9
2011-02-25,1375,57.58,364.7
2011-02-28,1364.75,57.33,361.9
2011-03-01,1375.25,57.6,363.4
2011-03-02,1394.25,58.8,364.4
2011-03-03,1412,58.77,372.5
2011-03-04,1414,59.48,369.7
2011-03-07,1395,59.1,363.4
2011-03-08,1382,58.48,360.4
2011-03-09,1349,57.12,352.9
2011-03-10,1355.5,56.93,353.7
2011-03-11,1334.5,55.9,350
2011-03-14,1340,55.38,355.5
2011-03-15,1270,52.88,340.8
2011-03-16,1287,52.96,344.5
2011-03-17,1335.25,54.52,358.6
2011-03-18,1362.5,55.77,367.9
2011-03-21,1363,55.88,366.4
2011-03-22,1365.5,55.86,
2011-03-23,1351.25,55.48,360
2011-03-24,1354.5,56.12,359.8
2011-03-25,1358.25,56.84,357.2
2011-03-28,1348.5,56.53,353.6
2011-03-29,1361.5,57.02,358.6
2011-03-30,1372,57.32,360.5
2011-03-31,1410.25,58.78,370.7
2011-04-01,1393.75,58.68,360.9
2011-04-04,1384,58.88,357
2011-04-05,1373.25,58.85,353.6
2011-04-06,1376.5,58.78,355.6
2011-04-07,1363.5,58.32,350.9
2011-04-08,1392.25,59.77,357.2
2011-04-11,1368.5,,
2011-04-12,1329.75,57.24,342.4
2011-04-13,1333.5,57.36,342.2
2011-04-14,1331,56.87,342.5
2011-04-15,1331.75,57.45,345.2
2011-04-18,1344.25,57.39,347.8
2011-04-19,1354,58.16,346.4
2011-04-20,1369.25,58.79,354.6
2011-04-21,1389.75,58.91,363.9
2011-04-25,1396.5,58.82,365.9
2011-04-26,1389.25,58.62,364.4
2011-04-27,1384.5,58.41,361.8
2011-04-28,1353.5,56.93,354.2
2011-04-29,1394,58.58,363.6
2011-05-02,1393,58.6,362.3
2011-05-03,1363.75,57.71,354.9
2011-05-04,1352,57.17,352.5
2011-05-05,1321.75,55.73,347.5
2011-05-06,1326,55.69,349.5
2011-05-09,1335,56.29,350.4
2011-05-10,1338,56.8,350.3
2011-05-11,1331.75,56.3,347.6
2011-05-12,1342.75,56.46,353.3
2011-05-13,1329.5,56.14,345.4
2011-05-16,1326.5,55.91,345.7
2011-05-17,1341,56.04,350.4
2011-05-18,1379.5,57.3,361
2011-05-19,1379.5,57.46,361.4
2011-05-20,1380.25,57.46,360.6
2011-05-23,1373.75,57.22,358.8
2011-05-24,1372.25,57.48,359.2
2011-05-25,1377,57.96,358.3
2011-05-26,1384.75,58.7,360.3
2011-05-27,1379.75,58.61,355.6
2011-05-31,1376,58.49,355.3
2011-06-01,1386.25,58.43,360.7
2011-06-02,1407,58.91,366
2011-06-03,1414.5,58.73,368.4
2011-06-06,1383.25,58.03,359.4
2011-06-07,1394,57.93,368
2011-06-08,1401.5,57.94,372.8
2011-06-09,1393.75,57.4,372.9
2011-06-10,1387.25,56.85,373.3
2011-06-13,1382.75,56.82,370.1
2011-06-14,1368,56.85,358.7
2011-06-15,1368,57.05,360
2011-06-16,1350.5,56.32,353.7
2011-06-17,1333,55.92,349
2011-06-20,1335.75,56.02,350
2011-06-21,1348.75,56.6,351.7
2011-06-22,1330.25,56.15,347.1
2011-06-23,1317.25,55.15,340.6
2011-06-24,1309.25,55.22,339.9
2011-06-27,1315,54.91,339.5
2011-06-28,1319,56.59,338.7
2011-06-29,1323,57.01,338.1
2011-06-30,1294,56.15,330.9
2011-07-01,1312.5,56.3,341
2011-07-05,1318,56.21,340.9
2011-07-06,1318.5,56.39,343.2
2011-07-07,1337.75,57.63,345.1
2011-07-08,1346.5,57.31,350
2011-07-11,1347,57.26,351.7
2011-07-12,1358.25,57.32,354.9
2011-07-13,1379.75,58.53,360.4
2011-07-14,1384,58.24,362.8
2011-07-15,1387,58.26,365.9
2011-07-18,1386.25,57.82,364.6
2011-07-19,1382,57.57,365
2011-07-20,1384,57.7,367.5
2011-07-21,1388,57.38,368.9
2011-07-22,1388.25,57.48,369.3
2011-07-25,1372,56.95,363.1
2011-07-26,1388.75,57.47,369.3
2011-07-27,1380.5,57.31,
2011-07-28,1371.5,56.55,363.6
2011-07-29,1357.25,56.43,358.8
2011-08-01,1362,56.91,360
2011-08-02,1379.75,57.88,365.2
2011-08-03,1373,57.06,361.6
2011-08-04,1345.25,55.87,355.7
2011-08-05,1336,55.55,352.5
2011-08-08,1311.5,54.44,346.5
2011-08-09,1299.75,53.62,343.6
2011-08-10,1301.5,53.6,345.6
2011-08-11,1331.75,54.58,353.7
2011-08-12,1334.75,54.65,352.1
2011-08-15,1351.25,55.46,357.7
2011-08-16,1349.5,55.54,357.4
2011-08-17,1366.75,56.24,361.1
2011-08-18,1361,55.83,359.4
2011-08-19,1368.5,55.95,360.9
2011-08-22,1385.25,56.18,369.7
2011-08-23,1397.25,56.21,375.5
2011-08-24,1393.5,56.33,374.2
2011-08-25,1392.75,56.13,375.2
2011-08-26,1423.5,57.32,381.1
2011-08-29,1447,58.58,386.4
2011-08-30,1457,58.76,388.6
2011-08-31,1457.5,59.07,387.8
2011-09-01,1434.5,58.23,383.5
2011-09-02,1445.75,58.26,385
2011-09-06,1422.5,58.04,375.2
2011-09-07,1420.75,58.67,373.8
2011-09-08,1418.25,58.33,372.1
2011-09-09,1426.75,58.71,375.1
2011-09-12,1396,57.75,365.8
2011-09-13,1391.75,57.63,362.7
2011-09-14,1382.75,57.1,363.4
2011-09-15,1358.75,56.55,354
2011-09-16,1355.5,56.86,353.1
2011-09-19,1336,55.84,348.5
2011-09-20,1338,55.63,350.3
2011-09-21,1320.5,55.34,344.2
2011-09-22,1283,53.94,335.1
2011-09-23,1258,52.64,330.1
2011-09-26,1259.75,52.4,330.2
2011-09-27,1263,52.78,330.5
2011-09-28,1223.5,51.76,319.9
2011-09-29,1230,51.95,321.5
2011-09-30,1179,50.21,308.6
2011-10-03,1177.5,50,307
2011-10-04,1160,49,302.1
2011-10-05,1163.75,49.2,305.2
2011-10-06,1163.75,49.14,304.1
2011-10-07,1158.25,49.32,304.3
2011-10-10,1177.5,50.11,308.5
2011-10-11,1235.5,52.18,320.6
2011-10-12,1239.5,51.86,322.7
2011-10-13,1257,52.44,326.7
2011-10-14,1270,53.54,327.6
2011-10-17,1253,52.9,323
2011-10-18,1250.75,52.7,324.3
2011-10-19,1225,51.48,319.3
2011-10-20,1225,51.39,320.3
2011-10-21,1212.25,51.25,316.5
2011-10-24,1226.75,51.79,321.5
2011-10-25,1225.5,51.5,322.2
2011-10-26,1210.5,50.89,317
2011-10-27,1244,52.11,323.5
2011-10-28,1226,51.77,317.5
2011-10-31,1217.25,51.17,316.1
2011-11-01,1202.5,50.8,310.7
2011-11-02,1202.75,50.85,310.5
2011-11-03,1227.25,52.03,314.5
2011-11-04,1221,51.87,315.4
2011-11-07,1201.75,51.2,309.3
2011-11-08,1205,51.85,307.6
2011-11-09,1185.5,50.99,303.1
2011-11-10,1167.5,50.52,297.9
2011-11-11,1175.5,50.98,299.5
2011-11-14,1178.25,51.22,299.2
2011-11-15,1200.25,52.6,301.4
2011-11-16,1187.75,52.48,296.4
2011-11-17,1168.25,51.4,294.5
2011-11-18,1168.25,50.88,298.4
2011-11-21,1148,49.89,289.6
2011-11-22,1153,50.78,292
2011-11-23,1122.5,49.58,282.5
2011-11-25,1106.5,48.44,282.7
2011-11-28,1121,49.15,287.8
2011-11-29,1125,49.43,286.1
2011-11-30,1131.25,49.5,292.2
2011-12-01,1128,49.7,289
2011-12-02,1135.75,50.25,288.3
2011-12-05,1126.25,50.29,283
2011-12-06,1129.5,50.23,284.1
2011-12-07,1131,50.48,285.2
2011-12-08,1132.5,50.45,284.3
2011-12-09,1107,49.6,276.9
2011-12-12,1112,49.32,279.5
2011-12-13,1118.5,49.25,283.4
2011-12-14,1100,48.4,282.2
2011-12-15,1111.75,48.98,282.9
2011-12-16,1130,49.55,290.3
2011-12-19,1137,49.05,293
2011-12-20,1144.5,49.38,295.2
2011-12-21,1153.75,49.45,299
2011-12-22,1162.25,50.8,298.4
2011-12-23,1172.5,51.37,297
2011-12-27,1209.5,52.23,311.7
2011-12-28,1208,52.16,314.1
2011-12-29,1197,51.52,310.8
2011-12-30,1207.75,52.42,313.1
2012-01-03,1227.5,53.11,319.2
2012-01-04,1230,53.03,320.6
2012-01-05,1209,52.06,313.2
2012-01-06,1196.5,51.12,312.4
2012-01-09,1233,52.33,323.5
2012-01-10,1232,52.5,322.5
2012-01-11,1203,51.89,312.8
2012-01-12,1182.5,51.46,307.1
2012-01-13,1158.25,50.29,301.5
2012-01-17,1183.5,50.77,310.5
2012-01-18,1183.5,50.4,312
2012-01-19,1197,51.06,315.7
2012-01-20,1187,50.43,311.9
2012-01-23,1217.5,51.42,321
2012-01-24,1220,51.35,323.5
2012-01-25,1213.5,51.39,321.1
2012-01-26,1222.75,51.94,323.6
2012-01-27,1219,51.59,322.2
2012-01-30,1185.25,50.25,312.7
2012-01-31,1199,50.87,319.3
2012-02-01,1215.25,51.18,322.3
2012-02-02,1217,51.19,323.4
2012-02-03,1232.5,51.65,328.6
2012-02-06,1233,52.16,327.5
2012-02-07,1232,52.17,325.4
2012-02-08,1231.5,52.58,321.7
2012-02-09,1227.5,52.54,321
2012-02-10,1229,52.53,320
2012-02-13,1252,53.05,330.5
2012-02-14,1255,53.02,330.1
2012-02-15,1261,53.35,332.8
2012-02-16,1258.25,53.05,330.8
2012-02-17,1267.5,53.4,332.5
2012-02-21,1271,54.06,330.2
2012-02-22,1272.25,54.22,331.3
2012-02-23,1276.75,54.2,335.3
2012-02-24,1279,54.65,333.6
2012-02-27,1302.5,54.86,343.6
2012-02-28,1312.5,54.8,349.3
2012-02-29,1320,54.47,352.9
2012-03-01,1322.5,54.27,355.5
2012-03-02,1333,54.08,359.1
2012-03-05,1325,53.73,358.2
2012-03-06,1335.25,53.28,365.9
2012-03-07,1326.75,52.98,364.5
2012-03-08,1338.5,53.39,367.2
2012-03-09,1337.75,54.27,362.7
2012-03-12,1334.5,,
2012-03-13,1348.75,54.87,366.1
2012-03-14,1350.25,54.8,367.2
2012-03-15,1369,55.48,371.4
2012-03-16,1374,55.5,374.4
2012-03-19,1366.5,55.4,370.9
2012-03-20,1345,54.33,365.6
2012-03-21,1355,54.38,369.8
2012-03-22,1349.5,53.96,370.1
2012-03-23,1365.75,54.88,373
2012-03-26,1379.5,55.43,377.9
2012-03-27,1369.75,55.1,376
2012-03-28,1367.5,54.6,377.7
2012-03-29,1355.5,53.59,375
2012-03-30,1403,55.1,388.7
2012-04-02,1421,56.16,391.2
2012-04-03,1416.75,55.9,386.5
2012-04-04,1419.5,56.02,388.2
2012-04-05,1365,56.64,391.9
2012-04-09,1431,56.71,388.8
2012-04-10,1426,56.97,389.8
2012-04-11,1422,56.45,386.8
2012-04-12,1441,57.23,394.6
2012-04-13,1436.75,56.52,395.8
2012-04-16,1420,55.66,391.4
2012-04-17,1431.5,55.76,397.3
2012-04-18,1413.5,55.6,393.9
2012-04-19,1421,55.59,395.4
2012-04-20,1449.5,56.28,409.9
2012-04-23,1441,55.49,403.4
2012-04-24,1465,55.69,415.7
2012-04-25,1476,56.03,417.2
2012-04-26,1480.25,55.75,421.8
2012-04-27,1493.5,55.53,428.4
2012-04-30,1505.5,55.05,435.5
2012-05-01,1503.5,54.91,434.2
2012-05-02,1485,54.71,429.7
2012-05-03,1473.5,54.16,426.4
2012-05-04,1478.25,53.65,432.6
2012-05-07,1465.75,53.58,426.5
2012-05-08,1438.25,53.27,417.3
2012-05-09,1430.25,52.82,416
2012-05-10,1455.25,53.5,424.6
2012-05-11,1406,52.24,408.5
2012-05-14,1387,51.3,403.5
2012-05-15,1413,51.47,417.2
2012-05-16,1422,50.43,425
2012-05-17,1438,50.72,428
2012-05-18,1405,50.32,417.9
2012-05-21,1412.5,50.92,416.5
2012-05-22,1382.25,50.46,405
2012-05-23,1362.5,48.91,405.8
2012-05-24,1376,49.42,410.8
2012-05-25,1382,50.12,409.3
2012-05-29,1386.75,50.17,412.5
2012-05-30,1373.25,49.69,409.9
2012-05-31,1340,49.2,394.5
2012-06-01,1344.25,48.59,394.5
2012-06-04,1340,48.31,396.1
2012-06-05,1349.5,48.5,400
2012-06-06,1386.25,49.25,414.6
2012-06-07,1428,50.39,425.5
2012-06-08,1426.25,49.46,429.8
2012-06-11,1424.75,49.74,428
2012-06-12,1435,49.72,433
2012-06-13,1408.25,49.1,422
2012-06-14,1386,48,416.5
2012-06-15,1376,48.44,410.1
2012-06-18,1339.25,48.76,412.9
2012-06-19,1384.5,50.44,427.9
2012-06-20,1395.5,50.81,427.4
2012-06-21,1371.25,49.81,429
2012-06-22,1375.5,49.74,422
2012-06-25,1425.5,52.16,419.1
2012-06-26,1413.25,51.77,413.1
2012-06-27,1412,52.2,412.1
2012-06-28,1403.5,51.73,410.8
2012-06-29,1427.75,53.08,413.1
2012-07-02,1438,53.04,417.9
2012-07-03,1474.75,53.88,429.2
2012-07-05,1526.5,55.13,446.6
2012-07-06,1505.75,54.23,441.6
2012-07-09,1547.75,55.38,452.1
2012-07-10,1538.5,55.13,448.5
2012-07-11,1522.5,54.66,440.5
2012-07-12,1529,54.18,445.5
2012-07-13,1552.5,54.54,453.4
2012-07-16,1590.5,55.49,463.8
2012-07-17,1590.5,54.99,465.7
2012-07-18,1620,54.85,479
2012-07-19,1652.25,55.21,487.3
2012-07-20,1686.25,55.18,504.3
2012-07-23,1622.25,54.58,484.3
2012-07-24,1569.5,52.33,469.8
2012-07-25,1615.5,53,483.2
2012-07-26,1567.5,52.4,463.8
2012-07-27,1601.75,52.81,476.8
2012-07-30,1643.5,53.38,494.5
2012-07-31,1641,53.42,494.9
2012-08-01,1629,52.56,494.8
2012-08-02,1616.5,52.36,490.2
2012-08-03,1628.75,52.88,492.3
2012-08-06,1584.25,52.29,478.2
2012-08-07,1565.75,52.11,471.8
2012-08-08,1581.25,52.39,477.7
2012-08-09,1631.25,53.2,494.6
2012-08-10,1643.75,54.41,494.9
2012-08-13,1600.75,53.75,478.4
2012-08-14,1598,53.43,479.4
2012-08-15,1634.5,53.71,493.8
2012-08-16,1625.25,53.66,489.6
2012-08-17,1645.75,53.74,499.9
2012-08-20,1683.5,54.53,512.8
2012-08-21,1732.5,56.22,524.5
2012-08-22,1727.75,56.83,519.7
2012-08-23,1715,56.77,515.3
2012-08-24,1731.5,56.9,522.8
2012-08-27,1718.75,56.56,518.7
2012-08-28,1722.25,56.39,521.8
2012-08-29,1753,57.3,530
2012-08-30,1763.5,57.25,535.3
2012-08-31,1756.5,57.08,533.4
2012-09-04,1768.25,58.22,533.4
2012-09-05,1747.5,57.97,525
2012-09-06,1747,57.38,528.1
2012-09-07,1736.5,56.66,526.9
2012-09-10,1718.75,56.56,519.4
2012-09-11,1701.5,55.88,515.9
2012-09-12,1745.75,56.48,532.1
2012-09-13,1747.25,57.01,530.6
2012-09-14,1739,57.37,525.4
2012-09-17,1669,55.39,505.4
2012-09-18,1640,55.33,492
2012-09-19,1669.5,56.25,500.3
2012-09-20,1618.75,55.05,483.1
2012-09-21,1621.75,54.83,486
2012-09-24,1610,54.17,484.2
2012-09-25,1611.5,53.53,488.1
2012-09-26,1573,52.11,476.9
2012-09-27,1570.75,52.58,473.9
2012-09-28,1601,52.66,486.9
2012-10-01,1560.25,51.19,474.5
2012-10-02,1530.5,50.69,462.9
2012-10-03,1531.75,50.73,464.4
2012-10-04,1551.5,51.44,468.9
2012-10-05,1551.5,51.19,471.2
2012-10-08,1551,50.93,472.6
2012-10-09,1550,51.25,471
2012-10-10,1523.25,50.63,462.6
2012-10-11,1548.5,51.33,472.2
2012-10-12,1522.5,50.67,465.2
2012-10-15,1492.5,50.01,456.1
2012-10-16,1493.75,50.47,452.8
2012-10-17,1509.25,51.03,454.7
2012-10-18,1545.5,52.3,463.3
2012-10-19,1534.25,51.58,463.8
2012-10-22,1546.5,51.66,471
2012-10-23,1553.25,51.32,476.2
2012-10-24,1570.5,51.84,481.9
2012-10-25,1564,51.45,481.4
2012-10-26,1561.25,50.96,483.4
2012-10-29,1529.75,50.18,472.5
2012-10-30,1536.5,50.09,476
2012-10-31,1548.75,50.16,482.2
2012-11-01,1560,50.43,484.3
2012-11-02,1526.75,49.26,475.9
2012-11-05,1503.25,48.32,469
2012-11-06,1515.5,48.68,472.7
2012-11-07,1507,48.62,469.5
2012-11-08,1495.75,48.77,462.9
2012-11-09,1451.25,47.77,449.7
2012-11-12,1405,47.39,431.4
2012-11-13,1408,47.02,433.1
2012-11-14,1419,47.67,436
2012-11-15,1402,47.46,430.5
2012-11-16,1383.25,47.05,424.6
2012-11-19,1394.75,47.89,424.6
2012-11-20,1412.75,48.32,429.6
2012-11-21,1408.25,48.53,427.9
2012-11-23,1418.75,49.32,428.6
2012-11-26,1424.75,49.58,426.9
2012-11-27,1449.25,50.41,433.4
2012-11-28,1446.25,50.38,432.7
2012-11-29,1448,50.12,435.8
2012-11-30,1438.75,49.74,434.9
2012-12-03,1453.75,50.21,438.6
2012-12-04,1455.5,50.06,440.3
2012-12-05,1479.25,51,446.3
2012-12-06,1491.25,51.2,450.7
2012-12-07,1472.25,51.13,442.9
2012-12-10,1474.75,51.15,444.9
2012-12-11,1472,50.2,448.1
2012-12-12,1473.5,49.54,452
2012-12-13,1476.5,49,455.3
2012-12-14,1496,49.99,457.7
2012-12-17,1496.25,49.79,455.4
2012-12-18,1466,49.55,444.9
2012-12-19,1437,48.75,434.1
2012-12-20,1404.75,48.31,425
2012-12-21,1429.25,49.12,431.4
2012-12-24,1435.75,49.35,432.6
2012-12-26,1418.5,48.7,428.4
2012-12-27,1414,48.72,426.6
2012-12-28,1418,49.44,424.8
2012-12-31,1409.5,49.7,419.4
2013-01-02,1392.25,51.05,405.7
2013-01-03,1386.5,50.7,404.2
2013-01-04,1367.25,49.9,399
2013-01-07,1388.5,49.96,408.9
2013-01-08,1386.5,49.53,410.9
2013-01-09,1385.5,49.64,409.6
2013-01-10,1379.75,49.75,405.6
2013-01-11,1373.25,49.24,404.3
2013-01-14,1418,50.45,417.5
2013-01-15,1413.5,50.87,411.9
2013-01-16,1436.5,51.31,419.1
2013-01-17,1430.25,51.49,414
2013-01-18,1429.25,51.68,414.4
2013-01-22,1451.75,52.43,421.6
2013-01-23,1437,52.03,416.5
2013-01-24,1435.25,52.11,414.7
2013-01-25,1441,52.1,416.4
2013-01-28,1447.75,51.89,420.3
2013-01-29,1451.75,51.71,423.7
2013-01-30,1478.75,52.6,432.7
2013-01-31,1468.5,52.86,426.4
2013-02-01,1474.25,52.99,428.2
2013-02-04,1488.75,53.11,434.3
2013-02-05,1495.5,52.98,438.5
2013-02-06,1487.5,52.45,437.1
2013-02-07,1486.75,51.85,437.6
2013-02-08,1452.5,51.43,422.4
2013-02-11,1431.5,51.24,413
2013-02-12,1420.75,51.1,410.3
2013-02-13,1423,51.66,408.1
2013-02-14,1418,51.7,407.2
2013-02-15,1424.5,51.62,409.4
2013-02-19,1470.25,52.53,425.3
2013-02-20,1482.75,52.4,432.9
2013-02-21,1487.75,51.68,435.7
2013-02-22,1443.75,50.73,426.4
2013-02-25,1435.25,50.44,424.5
2013-02-26,1431.75,49.39,426.8
2013-02-27,1439.5,49.67,428.6
2013-02-28,1452.25,49.12,435.6
2013-03-01,1443.5,49.67,429.3
2013-03-04,1462,50.26,433.7
2013-03-05,1466.5,50.13,435.9
2013-03-06,1466,50.26,435.3
2013-03-07,1473.5,50.61,436.1
2013-03-08,1471,50.34,435.2
2013-03-11,1479.5,50.44,438
2013-03-12,1468.75,49.98,436.2
2013-03-13,1447,49.52,428.9
2013-03-14,1435.5,49.34,425
2013-03-15,1426,49.91,418.8
2013-03-18,1409.5,49.68,413.3
2013-03-19,1406.75,49.48,411.6
2013-03-20,1419.75,49.84,413.8
2013-03-21,1449,50.42,422.9
2013-03-22,1440.5,50.43,419.3
2013-03-25,1437.25,50.44,417.8
2013-03-26,1447.75,50.82,420.2
2013-03-27,1453.75,50.82,423.1
2013-03-28,1404.75,50.11,404.6
2013-04-01,1390.75,50.06,398.5
2013-04-02,1394,49.59,402.1
2013-04-03,1380.25,49.15,398
2013-04-04,1372,48.55,397.1
2013-04-05,1361.75,48.83,391.8
2013-04-08,1378,49.52,393.3
2013-04-09,1395.5,49.98,394.8
2013-04-10,1392.75,50.03,392.9
2013-04-11,1402,49.77,395
2013-04-12,1413,49.23,400.2
2013-04-15,1395,48.18,393.3
2013-04-16,1411.5,49.07,401.3
2013-04-17,1380,49.44,399.3
2013-04-18,1390,49.66,403.1
2013-04-19,1382.5,49.18,402.5
2013-04-22,1364.25,48.59,398.1
2013-04-23,1358.5,48.41,397.9
2013-04-24,1345.25,48.9,390.6
2013-04-25,1372.25,49.48,400.1
2013-04-26,1381,49.54,404.7
2013-04-29,1408.75,49.51,416.4
2013-04-30,1399,49.22,414.5
2013-05-01,1373,48.85,404.4
2013-05-02,1372.25,48.49,406.2
2013-05-03,1387.25,49.27,406.5
2013-05-06,1369.25,48.76,401.2
2013-05-07,1382.25,49.14,403.3
2013-05-08,1390.75,48.82,407.6
2013-05-09,1408.75,49.22,413.2
2013-05-10,1399,49.23,406.8
2013-05-13,1419.25,49.61,415.1
2013-05-14,1414.75,49.76,411.8
2013-05-15,1412.75,49.35,410.5
2013-05-16,1427.5,49.52,414.9
2013-05-17,1448.5,49.52,425.1
2013-05-20,1464.5,49.2,435.3
2013-05-21,1478.25,49.48,438.7
2013-05-22,1494.25,49.64,440.6
2013-05-23,1499.5,49.66,437
2013-05-24,1476.25,49.24,428.2
2013-05-28,1509.25,49.54,442.3
2013-05-29,1501.75,48.63,444.3
2013-05-30,1495.75,48.58,440.8
2013-05-31,1304.25,48.38,447.2
2013-06-03,1532.5,48.66,454.4
2013-06-04,1316,48.59,452.5
2013-06-05,1532,48.3,455.9
2013-06-06,1527.25,48.16,454
2013-06-07,1330.25,48.53,452.5
2013-06-10,1511.75,48.07,448.3
2013-06-11,1540.5,48.04,463.4
2013-06-12,1540.75,48.11,461.4
2013-06-13,1510.25,47.84,452.6
2013-06-14,1298.25,48.48,450.7
2013-06-17,1285.5,48.84,449.1
2013-06-18,1289.75,48.81,451.8
2013-06-19,1310.75,49.35,453.6
2013-06-20,1285,48.4,379.7
2013-06-21,1273.5,46.66,447.7
2013-06-24,1273.5,46.26,379.8
2013-06-25,1278.5,47.14,384.6
2013-06-26,1276,45.46,463.3
2013-06-27,1275.25,46.35,435.2
2013-06-28,1252,45.12,374
2013-07-01,1243.25,45.68,366
2013-07-02,1242.5,45.62,365.9
2013-07-03,1250.75,45.95,368.4
2013-07-05,1228.25,46.04,357.9
2013-07-08,1252.25,45.89,368.2
2013-07-09,1276.25,45.97,378.9
2013-07-10,1284.75,46.13,382.4
2013-07-11,1290.75,45.7,388.1
2013-07-12,1257.25,45.75,373.7
2013-07-15,1263.75,45.28,376.9
2013-07-16,1286.25,45.28,388.6
2013-07-17,1283.5,45.51,386
2013-07-18,1265.75,45.39,377.9
2013-07-19,1274,45.32,382.5
2013-07-22,1288.5,45.31,389.9
2013-07-23,1260.25,44.68,380.8
2013-07-24,1256.75,44.11,380.5
2013-07-25,1224,43.85,365.5
2013-07-26,1228.5,43.73,369.9
2013-07-29,1220,42.82,371.6
2013-07-30,1203,42.69,363.9
2013-07-31,1206.25,42.7,365.2
2013-08-01,1192.5,42.92,359.2
2013-08-02,1181.5,42.82,354.2
2013-08-05,1183.25,43.21,351.6
2013-08-06,1167.25,42.59,345.7
2013-08-07,1165.75,42.1,347.4
2013-08-08,1184.25,42.1,356.8
2013-08-09,1182.25,41.88,356.1
2013-08-12,1225.25,42.75,372
2013-08-13,1227.75,42.95,372.8
2013-08-14,1239,42.63,379.1
2013-08-15,1265.5,43.45,387.6
2013-08-16,1259.25,43.16,386.3
2013-08-19,1303.25,43.78,404.2
2013-08-20,1290.5,43.18,402
2013-08-21,1304,43.17,408.1
2013-08-22,1286.75,42.76,400.3
2013-08-23,1328,43,419.5
2013-08-26,1389.5,44.88,436.7
2013-08-27,1370.5,44.52,430.4
2013-08-28,1372.75,44.78,429.3
2013-08-29,1368.5,44.2,430.1
2013-08-30,1357.5,44.29,423.7
2013-09-03,1386.75,44.19,438.9
2013-09-04,1352.5,43.93,422.7
2013-09-05,1367.5,43.53,429.4
2013-09-06,1367.75,43.72,428.9
2013-09-09,1356.5,43.17,426.5
2013-09-10,1355,43.07,425.2
2013-09-11,1358.25,42.96,428
2013-09-12,1396,43.03,447.2
2013-09-13,1381.5,42.56,442.8
2013-09-16,1348.25,42.37,428.5
2013-09-17,1342.5,42.24,426.6
2013-09-18,1347.75,42.71,425.8
2013-09-19,1339.5,42.96,420.4
2013-09-20,1315.25,42.34,411.6
2013-09-23,1307.75,42.24,409.2
2013-09-24,1312.5,42.09,412.3
2013-09-25,1321.75,42.09,417.1
2013-09-26,1316.75,42.05,414.9
2013-09-27,1319.75,41.81,418.3
2013-09-30,1282.75,41.1,405.4
2013-10-01,1268,40.27,403.3
2013-10-02,1273.75,39.38,411.7
2013-10-03,1288.25,40.27,415.3
2013-10-04,1295,40.24,418.4
2013-10-07,1296.5,39.9,420.7
2013-10-08,1288.75,40.43,414.9
2013-10-09,1287.75,40.67,411.7
2013-10-10,1288,41.22,409.6
2013-10-11,1266.75,40.28,403.4
2013-10-14,1273,40.39,407.4
2013-10-15,1267,40.66,402.4
2013-10-16,1276.5,41.37,403.8
2013-10-17,1293.25,41.12,413
2013-10-18,1291.25,41.68,410.1
2013-10-21,1303.25,41.64,415.7
2013-10-22,1302.25,41.52,416.1
2013-10-23,1310,41.5,421.4
2013-10-24,1309.75,41.13,426
2013-10-25,1300,40.73,423.5
2013-10-28,1268,40.36,414.7
2013-10-29,1270.75,40.97,410.8
2013-10-30,1276.5,41.62,411.8
2013-10-31,1266.25,41.33,403.6
2013-11-01,1251.5,41.59,394.9
2013-11-04,1256.5,41.25,396.9
2013-11-05,1250.25,41.15,392.8
2013-11-06,1255,41.14,396.8
2013-11-07,1266.5,40.74,403.8
2013-11-08,1296,40.24,422.3
2013-11-11,1301,40.42,422.1
2013-11-12,1314.5,40.75,427.7
2013-11-13,1315,40.96,423.3
2013-11-14,1313.5,40.97,424.6
2013-11-15,1280.5,40.47,410.5
2013-11-18,1287.5,40.11,415.8
2013-11-19,1276.25,40.24,408.9
2013-11-20,1273.75,40.56,402.9
2013-11-21,1291.5,41.8,405.5
2013-11-22,1319.5,41.45,421
2013-11-25,1329.25,40.95,428.4
2013-11-26,1329.25,40.6,431.9
2013-11-27,1320,40.25,429.6
2013-11-29,1336.5,40.46,436.6
2013-12-02,1321.25,40.6,428.8
2013-12-03,1319.75,40.11,428.8
2013-12-04,1329.5,40.35,430.3
2013-12-05,1328,40.61,428.1
2013-12-06,1325.5,40.49,427.4
2013-12-09,1343.75,40.22,438.7
2013-12-10,1338.25,40.11,438.3
2013-12-11,1344,40.4,438.9
2013-12-12,1323.75,39.99,430.1
2013-12-13,1327.5,39.83,432.6
2013-12-16,1337.75,39.75,439
2013-12-17,1346.5,39.31,436.6
2013-12-18,1324,39.38,427.7
2013-12-19,1327,39.64,428.5
2013-12-20,1339,39.74,433.6
2013-12-23,1319.75,39.57,429.9
2013-12-24,1322.75,39.41,432.1
2013-12-26,1305.25,39.18,424.5
2013-12-27,1313.75,39.35,427.2
2013-12-30,1308.75,38.96,427.1
2013-12-31,1292.5,39.13,417
2014-01-02,1270,38.8,406.3
2014-01-03,1271.25,38.6,407.1
2014-01-06,1276.75,38.12,413.8
2014-01-07,1276,37.93,415.8
2014-01-08,1269.25,37.68,412.5
2014-01-09,1273.75,37.96,414.3
2014-01-10,1278.5,38.23,413.6
2014-01-13,1294.25,37.84,421.9
2014-01-14,1307,37.76,430.1
2014-01-15,1318,37.99,434.5
2014-01-16,1315,38.05,432
2014-01-17,1316.5,37.74,434.5
2014-01-21,1280.5,38.1,416.5
2014-01-22,1279.5,37.84,419.4
2014-01-23,1277,37.86,418.7
2014-01-24,1284.75,37.54,425.7
2014-01-27,1287.75,37.06,430.9
2014-01-28,1285.5,37.4,428.6
2014-01-29,1269.25,37.1,423.3
2014-01-30,1275,37.07,425.2
2014-01-31,1282.75,37.64,426.1
2014-02-03,1292.75,37.45,434
2014-02-04,1313.25,37.71,447
2014-02-05,1316.25,38.23,442
2014-02-06,1325.75,38.66,446
2014-02-07,1331.5,38.56,446.4
2014-02-10,1325.5,38.73,444
2014-02-11,1334.75,38.85,449.2
2014-02-12,1323,38.99,443.5
2014-02-13,1344.25,39.54,452.8
2014-02-14,1337.5,39.15,450
2014-02-18,1361,40.36,456.9
2014-02-19,1342,40.52,436.5
2014-02-20,1347.75,40.82,437
2014-02-21,1360.25,41.23,440.2
2014-02-24,1375,41.03,448.7
2014-02-25,1387.25,40.85,453.7
2014-02-26,1397,41.46,453.7
2014-02-27,1390,41.15,451.6
2014-02-28,1414,41.79,457.7
2014-03-03,1409.25,42.38,450.5
2014-03-04,1423,43.71,449.7
2014-03-05,1420.5,43.4,449.6
2014-03-06,1438,44.49,450.9
2014-03-07,1457.75,44.32,457.8
2014-03-10,1418.75,43.86,444.7
2014-03-11,1413,43.75,444.2
2014-03-12,1387,43.42,436.5
2014-03-13,1396.25,42.99,441.9
2014-03-14,1388.5,42.29,444
2014-03-17,1391.75,41.89,446.6
2014-03-18,1418.25,42.27,455.8
2014-03-19,1431.25,42.1,462
2014-03-20,1433.75,41.31,466.5
2014-03-21,1408.75,41.02,455.9
2014-03-24,1425.5,40.84,462
2014-03-25,1428,40.74,463.7
2014-03-26,1440,40.73,469.1
2014-03-27,1436.5,40.43,470.5
2014-03-28,1436.5,40.48,468.4
2014-03-31,1464,40.42,479.3
2014-04-01,1484,41.4,482.7
2014-04-02,1462.5,40.85,476.5
2014-04-03,1475.5,41.67,480.1
2014-04-04,1473.5,41.57,479.1
2014-04-07,1464.5,41.43,474.3
2014-04-08,1482,42.11,478.1
2014-04-09,1495.5,42.91,482.1
2014-04-10,1482.5,42.5,479.5
2014-04-11,1463,42.1,472.9
2014-04-14,1476.5,42.26,479.1
2014-04-15,1487,43.05,487.4
2014-04-16,1508.5,43.93,491
2014-04-17,1502.5,43.66,488.3
2014-04-21,1487.5,43.26,476.1
2014-04-22,1470.5,42.98,470.3
2014-04-23,1464.5,42.78,469
2014-04-24,1470,42.86,470.7
2014-04-25,1494.5,43.15,481.4
2014-04-28,1500,42.83,484.8
2014-04-29,1517.5,42.95,491.2
2014-04-30,1512.75,42.11,493.7
2014-05-01,1461,41.16,476.7
2014-05-02,1470.75,41.51,480.4
2014-05-05,1463.25,41.17,478.7
2014-05-06,1459.5,41.11,477.5
2014-05-07,1446.25,40.83,474.9
2014-05-08,1469.5,41.12,480.7
2014-05-09,1487,41.18,487.3
2014-05-12,1465.25,40.98,478.2
2014-05-13,1483.75,41.21,484.7
2014-05-14,1486.75,41.38,486.5
2014-05-15,1470.25,41.04,481.4
2014-05-16,1465,40.75,480.2
2014-05-19,1485.25,40.42,490.5
2014-05-20,1469.75,40.07,486.7
2014-05-21,1505.25,40.47,498.1
2014-05-22,1518.75,40.86,501.5
2014-05-23,1515.5,40.38,502.6
2014-05-27,1488.75,39.94,494.2
2014-05-28,1497.75,39.63,498.5
2014-05-29,1499,39.41,498.4
2014-05-30,1493.25,38.5,500.2
2014-06-02,1500.5,38.31,506
2014-06-03,1481.25,38.35,499.6
2014-06-04,1482.5,39.25,496.5
2014-06-05,1460.5,38.69,490.6
2014-06-06,1457,39.01,487.6
2014-06-09,1457,39.28,482.2
2014-06-10,1462.5,38.94,484.5
2014-06-11,1445.5,38.42,482.3
2014-06-12,1415.25,38.58,469.2
2014-06-13,1425.75,39.69,467.9
2014-06-16,1421.75,39.5,462.4
2014-06-17,1398.25,39.68,450.7
2014-06-18,1409,40.13,453.2
2014-06-19,1227.25,40.61,451.2
2014-06-20,1415.75,40.13,459.2
2014-06-23,1233.75,40.68,455.8
2014-06-24,1224.5,41.17,387.1
2014-06-25,1229,40.83,390.6
2014-06-26,1244.25,40.63,397.1
2014-06-27,1228,40.13,393
2014-06-30,1157.25,39.15,367.4
2014-07-01,1147.5,39.23,362.1
2014-07-02,1141.5,38.78,363.1
2014-07-03,1133.5,38.77,360.2
2014-07-07,1125.5,38.51,358.7
2014-07-08,1116.25,37.97,357.3
2014-07-09,1103.75,37.3,355.2
2014-07-10,1093,37.6,349.8
2014-07-11,1075,36.96,345
2014-07-14,1086.25,37.1,348.7
2014-07-15,1086.25,37.11,347.2
2014-07-16,1102,36.99,356.8
2014-07-17,1094,36.39,357.5
2014-07-18,1085.25,36.72,351.8
2014-07-21,1071.5,36.26,346.8
2014-07-22,1057.75,36.03,341.7
2014-07-23,1076.5,36.35,347.3
2014-07-24,1084.75,36.35,350
2014-07-25,1083.5,36.25,350.2
2014-07-28,1107.75,36.78,357.3
2014-07-29,1095,36.53,354.3
2014-07-30,1081.25,36.39,348.6
2014-07-31,1082,36.4,348.8
2014-08-01,1058.5,35.71,342.4
2014-08-04,1079.5,36.4,347.8
2014-08-05,1065.75,35.87,343.6
2014-08-06,1080,36.2,348.2
2014-08-07,1078,36.05,347.5
2014-08-08,1084.75,35.87,350.6
2014-08-11,1073.25,35.21,349
2014-08-12,1059.5,34.98,343.5
2014-08-13,1046.75,34.32,342.1
2014-08-14,1056,33.86,351.1
2014-08-15,1052,33.21,353.5
2014-08-18,1057.75,33.33,355.1
2014-08-19,1052.75,33.01,352.7
2014-08-20,1038,33.22,344.2
2014-08-21,1038.25,33.11,346.5
2014-08-22,1042,32.6,352.7
2014-08-25,1029.25,32.96,343.7
2014-08-26,1028,33.17,343.5
2014-08-27,1023.75,32.81,344.2
2014-08-28,1028.75,32.79,348.6
2014-08-29,1024.25,32.14,350.7
2014-09-02,1032,32.12,360
2014-09-03,1020,31.95,350.4
2014-09-04,1003.5,32.21,341.5
2014-09-05,1021.5,32.48,349.1
2014-09-08,1008.5,32.14,342.4
2014-09-09,992.75,31.72,338.7
2014-09-10,993.75,31.83,337.2
2014-09-11,981.5,31.71,329.2
2014-09-12,985.25,32.77,327.9
2014-09-15,989.5,33.47,327
2014-09-16,980.75,33,326.1
2014-09-17,982.5,33.55,324.2
2014-09-18,971.5,32.87,320.3
2014-09-19,957,32.58,315.4
2014-09-22,938.25,32.12,310.5
2014-09-23,936.25,32.32,308.9
2014-09-24,936.75,32.72,308
2014-09-25,922.75,32.7,303.9
2014-09-26,910.25,31.99,301.1
2014-09-29,923.5,32.95,303.9
2014-09-30,913.25,32.37,298.9
2014-10-01,916.75,32.8,298.6
2014-10-02,924.5,32.8,301.3
2014-10-03,912.25,32.42,298.8
2014-10-06,942.25,33.45,308.9
2014-10-07,940.75,33.1,312.6
2014-10-08,935,33.02,309.8
2014-10-09,942,33.01,313.5
2014-10-10,922.5,32.44,311
2014-10-13,945.25,33.04,317.9
2014-10-14,964.75,32.87,324
2014-10-15,952.5,31.98,327.3
2014-10-16,966,32.36,334.6
2014-10-17,951.75,32.02,330.5
2014-10-20,944.25,31.7,329.4
2014-10-21,964.25,31.76,342.9
2014-10-22,962.75,32.14,338
2014-10-23,993.25,32.67,352.4
2014-10-24,977.5,32.39,350.2
2014-10-27,1006,32.23,376.8
2014-10-28,1015,32.79,375.1
2014-10-29,1049,34.18,397.2
2014-10-30,1029.75,34.31,380
2014-10-31,1049.25,34.8,389
2014-11-03,1029.75,34.03,372.7
2014-11-04,1009.75,33.07,372.5
2014-11-05,1019.25,32.72,375.3
2014-11-06,1028,32.53,391.7
2014-11-07,1036.75,32.4,390.4
2014-11-10,1025.75,32.36,380.9
2014-11-11,1064,32.87,400.6
2014-11-12,1047.75,32.22,395
2014-11-13,1053.5,32.07,393.5
2014-11-14,1022.5,32.2,379.9
2014-11-17,1036.25,32.45,387.1
2014-11-18,1023.25,32.65,378
2014-11-19,1004.75,32.51,370.4
2014-11-20,1020.5,32.78,359.3
2014-11-21,1039,32.8,367.2
2014-11-24,1033.5,33.36,362.6
2014-11-25,1051,33.59,374.8
2014-11-26,1047,33.61,376.7
2014-11-28,1016,32.29,366.3
2014-12-01,1017,32.36,362
2014-12-02,995.5,31.28,357.9
2014-12-03,998.5,31.94,353.8
2014-12-04,1010,31.7,357.8
2014-12-05,1036,32.08,366.4
2014-12-08,1043.5,31.85,370.1
2014-12-09,1049.5,31.99,375.3
2014-12-10,1032,31.75,369.1
2014-12-11,1042.5,32.02,371.5
2014-12-12,1047.5,32.36,367
2014-12-15,1039,32.27,365.4
2014-12-16,1023,31.77,356.6
2014-12-17,1027,31.77,359.3
2014-12-18,1035,32.08,353.9
2014-12-19,1030,32.16,352
2014-12-22,1038.5,32.17,357.2
2014-12-23,1038,32.36,358.3
2014-12-24,1035.5,32.05,355.7
2014-12-26,1054,32.59,361.8
2014-12-29,1048.5,32.93,358.3
2014-12-30,1044,33.07,353.7
2014-12-31,1023,32.14,347.6
2015-01-02,1007,32.09,340.4
2015-01-05,1045.5,32.87,354
2015-01-06,1055.5,32.87,355.1
2015-01-07,1056.5,33.16,354
2015-01-08,1048.5,33.76,347.2
2015-01-09,1052.5,33.68,349.1
2015-01-12,1016,32.6,341.2
2015-01-13,1004,32.54,333.6
2015-01-14,1009.5,32.82,335.5
2015-01-15,991,32.99,326.7
2015-01-16,991.5,33.39,326.2
2015-01-20,982,32.84,326.5
2015-01-21,983,32.41,330.5
2015-01-22,976.5,31.97,330.1
2015-01-23,972.5,31.6,331.5
2015-01-26,983,31.08,338.9
2015-01-27,973.5,31.17,336.6
2015-01-28,970.5,30.34,337.4
2015-01-29,968.5,29.54,337.9
2015-01-30,961,30,329.9
2015-02-02,959,30.41,327.9
2015-02-03,987,30.8,340.6
2015-02-04,972,30.59,332.7
2015-02-05,981.5,31.71,331.4
2015-02-06,973,31.82,329.4
2015-02-09,978,32.01,329.6
2015-02-10,969,31.45,326.9
2015-02-11,977.5,31.75,329.6
2015-02-12,983.5,32.01,330.5
2015-02-13,990,32.4,332.3
2015-02-17,1007.5,32.32,342.3
2015-02-18,995.5,32.01,338.6
2015-02-19,1011.5,32.04,339.7
2015-02-20,1002.5,31.67,338.7
2015-02-23,1001,31.33,338.5
2015-02-24,1018.5,31.61,345.7
2015-02-25,1010.5,31.91,339.8
2015-02-26,1026,32.04,344.1
2015-02-27,1031.5,32.95,342.4
2015-03-02,1013.5,32.83,333.5
2015-03-03,1012.5,32.97,332.8
2015-03-04,994,32.21,327.1
2015-03-05,985,31.57,325.2
2015-03-06,985,31.28,327.7
2015-03-09,993.5,31,334.1
2015-03-10,984,30.96,331
2015-03-11,992.5,31.1,333.3
2015-03-12,990.5,30.87,331.6
2015-03-13,974,30.49,327
2015-03-16,969.25,30.39,323.7
2015-03-17,954.5,30.04,317.5
2015-03-18,965,30.63,320.8
2015-03-19,961.75,30.62,319.3
2015-03-20,973.75,30.68,324
2015-03-23,983.5,31.15,327.3
2015-03-24,981.75,31.11,326.3
2015-03-25,978.75,31.04,324.5
2015-03-26,974.5,31.17,322.4
2015-03-27,967.25,30.6,321.4
2015-03-30,967.75,30.49,323.2
2015-03-31,973.25,30.39,326.8
2015-04-01,989.75,30.69,331.9
2015-04-02,986,31.04,327.3
2015-04-06,978.5,31.26,323
2015-04-07,971,31.03,319.7
2015-04-08,971.5,30.95,319.9
2015-04-09,953.5,30.84,312.1
2015-04-10,951.5,31.09,309.2
2015-04-13,948.75,31.04,308.8
2015-04-14,960.25,31.3,313.6
2015-04-15,965,31.8,311.5
2015-04-16,966,31.76,312.4
2015-04-17,968.75,31.52,315
2015-04-20,979.5,31.79,318.5
2015-04-21,976.75,32.02,314.9
2015-04-22,971.75,31.75,313.8
2015-04-23,980,32.22,315
2015-04-24,970.75,31.86,313.3
2015-04-27,973,31.84,314
2015-04-28,977.25,31.38,317.5
2015-04-29,988,31.64,322.4
2015-04-30,976,31.65,316.1
2015-05-01,964.75,31.58,311.9
2015-05-04,976.25,32.63,313
2015-05-05,984.75,33.05,315.2
2015-05-06,982.5,32.92,314.2
2015-05-07,975,32.49,314.4
2015-05-08,976.25,32.96,313.4
2015-05-11,974,33.19,310.2
2015-05-12,955.5,32.97,303.4
2015-05-13,957.25,33.24,302.4
2015-05-14,957,33.34,302.2
2015-05-15,953.25,33.07,303.3
2015-05-18,954.5,32.78,308
2015-05-19,946.25,32.18,307.1
2015-05-20,941.25,32.2,304.5
2015-05-21,938.5,32.25,304.1
2015-05-22,924.25,31.64,304.2
2015-05-26,922.5,32.14,301.9
2015-05-27,927,31.73,308.1
2015-05-28,926,32.06,304.8
2015-05-29,934,33.33,305.7
2015-06-01,926,34.51,296.6
2015-06-02,940.75,34.17,301.8
2015-06-03,935.25,34.73,302.7
2015-06-04,946.5,34.53,305.7
2015-06-05,937.75,34.78,304.9
2015-06-08,944.25,34.1,309.5
2015-06-09,951.5,33.93,316.5
2015-06-10,949.5,33.87,314.4
2015-06-11,940,33.29,313.4
2015-06-12,940,33.14,317.4
2015-06-15,937.75,32.69,313.2
2015-06-16,957.5,32.9,320.8
2015-06-17,969,32.85,323.7
2015-06-18,977.75,32.25,326.6
2015-06-19,971.5,32.55,323.1
2015-06-22,959.25,32.92,317.9
2015-06-23,960.75,32.82,318.3
2015-06-24,956,33.27,328
2015-06-25,977.75,33.85,322.2
2015-06-26,986,33.65,326.4
2015-06-29,980,33.41,326.2
2015-06-30,1037.25,34.07,345.4
2015-07-01,1029.5,33.49,345.7
2015-07-02,1030.25,33.92,343.9
2015-07-06,1014.75,33.12,340.3
2015-07-07,985.75,31.8,335.7
2015-07-08,988.25,32.05,336.8
2015-07-09,1015.75,32.77,347.3
2015-07-10,1022.25,32.85,347.6
2015-07-13,1028.5,33.2,348
2015-07-14,1025,32.81,348.3
2015-07-15,1016,32.02,350.3
2015-07-16,1011,31.8,349.7
2015-07-17,1006.75,32.16,347.7
2015-07-20,999.5,32.06,342.7
2015-07-21,1004.75,32.35,344.8
2015-07-22,995.5,31.72,343
2015-07-23,980.5,31.59,336.1
2015-07-24,965,30.85,333.4
2015-07-27,933.25,30.48,321
2015-07-28,944.75,31.08,323.7
2015-07-29,943.25,30.62,325.2
2015-07-30,950,30.72,327.4
2015-07-31,940.25,30.39,323.9
2015-08-03,935.5,30.3,321
2015-08-04,942.25,30.28,325.5
2015-08-05,953.25,30.04,332.8
2015-08-06,943.25,30.07,326.3
2015-08-07,963.25,30.46,332.7
2015-08-10,994.5,30.83,343.4
2015-08-11,971.5,30.47,332.1
2015-08-12,910,29.42,311.8
2015-08-13,927,29.31,320
2015-08-14,916.5,29.4,314.2
2015-08-17,917,29.37,314.7
2015-08-18,904.25,28.62,312.9
2015-08-19,893.5,28.21,311.6
2015-08-20,907.25,28.28,318.7
2015-08-21,889.5,27.67,314.6
2015-08-24,874,26.86,315.2
2015-08-25,877.75,27.15,317.1
2015-08-26,865,26.44,313.9
2015-08-27,879,27.24,315
2015-08-28,885.5,28.17,312.7
2015-08-31,887.5,28.25,311.3
2015-09-01,874,27.55,308.1
2015-09-02,874,27.09,310.3
2015-09-03,869.5,27.07,308.2
2015-09-04,866.5,26.73,306.8
2015-09-08,879.25,27.17,308.6
2015-09-09,872.25,26.9,308.3
2015-09-10,874,27.17,306.7
2015-09-11,874.25,26.85,309.3
2015-09-14,884.25,27.13,312.8
2015-09-15,889,26.66,317.4
2015-09-16,887.25,26.89,315.4
2015-09-17,884.5,26.87,312.3
2015-09-18,867.25,26.25,307.8
2015-09-21,874.25,26.71,308.2
2015-09-22,861.75,26.34,303.3
2015-09-23,863.75,26.54,302
2015-09-24,868,27.18,301.9
2015-09-25,889.25,27.91,308.2
2015-09-28,876.75,27.37,304.1
2015-09-29,884.25,27.69,305.5
2015-09-30,892,27.34,309
2015-10-01,877.25,27.32,303.9
2015-10-02,874.25,28.06,301.2
2015-10-05,884.25,28.66,303.8
2015-10-06,888,28.71,303.6
2015-10-07,891,28.62,306.5
2015-10-08,881.25,28.36,304.3
2015-10-09,885.75,28.34,307.8
2015-10-12,887.5,28.18,309.5
2015-10-13,914,28.79,317.7
2015-10-14,910.5,28.83,315.8
2015-10-15,905.25,28.58,314
2015-10-16,898.25,28.6,312
2015-10-19,891,28.14,310.8
2015-10-20,896,28.66,309.5
2015-10-21,905.25,29.18,310.5
2015-10-22,898.75,28.85,307.8
2015-10-23,895.5,28.57,305.1
2015-10-26,884.5,27.78,302.2
2015-10-27,891,27.89,304.7
2015-10-28,882.75,28.11,299.9
2015-10-29,880.25,27.88,301.6
2015-10-30,885.75,28.2,304.4
2015-11-02,878.75,27.85,302.2
2015-11-03,879,28.15,301.3
2015-11-04,884,28.5,301.8
2015-11-05,864,27.83,296.4
2015-11-06,867.25,28.04,295.7
2015-11-09,866.25,27.77,295
2015-11-10,855.5,27.27,292.2
2015-11-11,860.75,27.18,294
2015-11-12,863,27.44,291.4
2015-11-13,855.25,27.04,288.8
2015-11-16,859.5,27.29,288.8
2015-11-17,864,27.47,288.5
2015-11-18,857.75,27.44,285.6
2015-11-19,860,27.55,286.6
2015-11-20,857.5,27.9,283
2015-11-23,864.25,28.19,285.9
2015-11-24,863.75,28.59,283.9
2015-11-25,875.25,29.21,285.5
2015-11-27,873,29.08,283.8
2015-11-30,881,29.42,285.3
2015-12-01,889.25,30.08,286.4
2015-12-02,892.25,30.57,286.7
2015-12-03,897.5,30.87,287.4
2015-12-04,906,32.08,284.9
2015-12-07,882.25,31.25,278
2015-12-08,876.75,31.49,277.2
2015-12-09,876.75,31.11,277
2015-12-10,878.25,32.03,273.8
2015-12-11,870.75,31.36,273.7
2015-12-14,874.25,31.12,275.5
2015-12-15,867.25,30.7,271.8
2015-12-16,862.5,30.37,269.9
2015-12-17,877,30.07,275.9
2015-12-18,892.25,30.53,281
2015-12-21,891.5,31.03,280.7
2015-12-22,885.5,30.69,278.6
2015-12-23,880.75,30.76,274.2
2015-12-24,873,31.1,270.9
2015-12-28,861.25,30.44,269.1
2015-12-29,865.75,30.77,270
2015-12-30,870.25,31.07,267.6
2015-12-31,864.25,30.75,265.5
2016-01-04,856,30.12,264.4
2016-01-05,857.25,29.81,266.3
2016-01-06,864.75,29.78,268.7
2016-01-07,864.5,29.62,267.4
2016-01-08,865.25,29.64,268.7
2016-01-11,861.25,29.25,269.9
2016-01-12,874.5,29.18,275.6
2016-01-13,880,29.54,275.5
2016-01-14,882.25,29.75,274.2
2016-01-15,879,29.65,273.6
2016-01-19,883.5,30.03,271.3
2016-01-20,874,29.81,269.8
2016-01-21,878.5,29.94,272.2
2016-01-22,876.5,30.5,268.5
2016-01-25,880.5,30.44,272.5
2016-01-26,876.5,30.74,269.9
2016-01-27,883,30.87,272.5
2016-01-28,867.75,30.69,266.9
2016-01-29,882.25,30.88,272.4
2016-02-01,880.75,30.76,271
2016-02-02,886.25,30.79,274.6
2016-02-03,876.75,30.98,270.1
2016-02-04,874.5,31.24,267.6
2016-02-05,867.5,31.23,265
2016-02-08,862.5,30.75,264.5
2016-02-09,863.25,30.7,263.1
2016-02-10,862.25,31.01,261
2016-02-11,873.5,31.59,263.7
2016-02-12,872.75,32.02,262
2016-02-16,879.75,31.61,264.8
2016-02-17,882.5,31.99,263.6
2016-02-18,879.75,31.83,263.5
2016-02-19,878.25,31.39,264.5
2016-02-22,884.25,31.74,266.1
2016-02-23,873,31.01,264.3
2016-02-24,872.25,31.19,264.6
2016-02-25,865.5,30.91,262.7
2016-02-26,863.5,31.23,260.6
2016-02-29,861,30.87,262.5
2016-03-01,858,30.54,261.5
2016-03-02,861.5,30.37,264.5
2016-03-03,863.75,30.61,264.9
2016-03-04,878.5,30.96,270.9
2016-03-07,881.75,31.17,271.1
2016-03-08,884.5,31.14,272.8
2016-03-09,885.75,31.74,271.3
2016-03-10,889.25,31.62,271.9
2016-03-11,895.75,32.13,273.5
2016-03-14,895.75,32.45,271.5
2016-03-15,892,32.49,268.2
2016-03-16,894.5,32.69,267.7
2016-03-17,897.75,33.41,267
2016-03-18,897.5,33.42,266.6
2016-03-21,902,33.58,268.8
2016-03-22,910.25,33.93,271
2016-03-23,905.25,33.36,270.9
2016-03-24,910.5,33.18,275.3
2016-03-28,909,33.63,272.1
2016-03-29,916,34.05,273.2
2016-03-30,909,33.79,271.9
2016-03-31,910.75,34.22,270.3
2016-04-01,918.25,34.45,272.3
2016-04-04,913.5,34.69,268.2
2016-04-05,904.75,33.99,268.7
2016-04-06,908,34.26,267.9
2016-04-07,904.5,34.1,266.8
2016-04-08,916.75,33.94,273.7
2016-04-11,928.25,33.9,280.1
2016-04-12,936.25,33.69,285.1
2016-04-13,955.75,33.96,292.7
2016-04-14,948,33.69,290.1
2016-04-15,956,33.38,295.9
2016-04-18,954.25,33.95,295.7
2016-04-19,994.75,34.78,307.9
2016-04-20,1019,34.93,321.5
2016-04-21,1027.5,34.5,328
2016-04-22,996.25,34.3,314.6
2016-04-25,1009.75,34.2,319.5
2016-04-26,1027.25,34.21,326.6
2016-04-27,1028.5,33.87,328.3
2016-04-28,1027.5,33.27,333.4
2016-04-29,1029.75,33.14,334.8
2016-05-02,1043.75,32.5,347.3
2016-05-03,1030,32.41,341.8
2016-05-04,1034,32.47,345
2016-05-05,1012.25,32.26,336.8
2016-05-06,1034.75,33.06,342.8
2016-05-09,1026.5,32.83,339.7
2016-05-10,1084,33.44,359.7
2016-05-11,1078.25,33.36,362
2016-05-12,1072,32.57,364.4
2016-05-13,1065,32.5,363
2016-05-16,1064.5,32.79,361.2
2016-05-17,1080.25,32.78,369.1
2016-05-18,1075.25,32.45,372.7
2016-05-19,1071.5,31.91,378.1
2016-05-20,1074.25,31.27,392.7
2016-05-23,1058.5,31.15,387.7
2016-05-24,1054.75,30.89,388.9
2016-05-25,1085.5,31.34,407.2
2016-05-26,1079.75,31.04,409.6
2016-05-27,1086.5,31.48,402.6
2016-05-31,1078.5,31.82,396.6
2016-06-01,1099.75,32.19,399.1
2016-06-02,1144.25,32.26,418.3
2016-06-03,1132,32.26,414.3
2016-06-06,1138.25,32.51,411.7
2016-06-07,1141.25,32.29,407.8
2016-06-08,1177.75,32.89,417.1
2016-06-09,1176,33.03,413.5
2016-06-10,1178.25,32.76,414
2016-06-13,1159,32.51,408.4
2016-06-14,1169.5,32.52,408.6
2016-06-15,1138.5,31.96,407.2
2016-06-16,1119.25,31.16,397.7
2016-06-17,1148.25,31.93,407.4
2016-06-20,1132.75,31.64,402.7
2016-06-21,1110.75,31.36,391.5
2016-06-22,1116.75,31.55,391
2016-06-23,1101.5,32.46,381
2016-06-24,1078.5,31.66,373.4
2016-06-27,1104.75,31.93,381.5
2016-06-28,1120.25,31.76,388.9
2016-06-29,1112.5,31.44,390.1
2016-06-30,1153.25,32.07,401
2016-07-01,1137.5,31.64,398
2016-07-05,1077.25,31.32,378
2016-07-06,1073.25,30.79,378.1
2016-07-07,1024.75,30.18,360.7
2016-07-08,1057.75,30.78,370.3
2016-07-11,1055,30.75,367.4
2016-07-12,1087,31.32,376
2016-07-13,1105.25,31.24,384.5
2016-07-14,1062.25,31.19,368.2
2016-07-15,1057.25,31.42,366.3
2016-07-18,1066.25,31.47,370.7
2016-07-19,1027.75,31.18,355.8
2016-07-20,1009,31.25,347.8
2016-07-21,1012.5,31.6,347.5
2016-07-22,988.25,30.7,341.7
2016-07-25,966.25,29.96,334.5
2016-07-26,973.75,30.08,338.3
2016-07-27,986,30.02,343.2
2016-07-28,978,29.98,340.8
2016-07-29,1003,30.85,347.7
2016-08-01,961.5,30.22,331.6
2016-08-02,953,30.54,326.7
2016-08-03,955.5,30.81,326.4
2016-08-04,956.75,31.03,324
2016-08-05,974.5,31.01,331.4
2016-08-08,985,31.42,332.4
2016-08-09,988,31.65,333.3
2016-08-10,982.25,31.99,330.1
2016-08-11,984,32.21,329.9
2016-08-12,981.75,32.45,327.8
2016-08-15,1009.25,33.64,334.7
2016-08-16,1007.25,33.82,332.3
2016-08-17,1016,34.44,332.4
2016-08-18,1014.5,34.61,331.2
2016-08-19,1004.5,34.56,325.5
2016-08-22,1015.75,34.31,330.8
2016-08-23,1013.5,34.32,328.5
2016-08-24,1005.25,33.99,326.9
2016-08-25,975.5,33.32,318.8
2016-08-26,967.25,33.35,315.5
2016-08-29,964.25,33.22,315.1
2016-08-30,950.75,33.14,308.7
2016-08-31,943,32.87,306.7
2016-09-01,943.75,32.55,306.6
2016-09-02,952.5,33.04,307.4
2016-09-06,959.75,33.13,310.1
2016-09-07,975.5,33.15,316.7
2016-09-08,976.75,33.27,317.6
2016-09-09,980.25,33.37,316.5
2016-09-12,964.25,32.64,311.9
2016-09-13,944,31.85,306.1
2016-09-14,942.75,31.86,305.7
2016-09-15,950.5,32.28,307.2
2016-09-16,966,32.23,312.8
2016-09-19,972.5,33.08,311.1
2016-09-20,989.75,34.09,313.2
2016-09-21,975.5,33.66,308.7
2016-09-22,976.5,34.21,307.5
2016-09-23,955,33.56,302.8
2016-09-26,945.25,33.35,297.6
2016-09-27,952.5,33.35,299.6
2016-09-28,945.5,32.89,299.4
2016-09-29,950.25,33.34,298.7
2016-09-30,954,33.44,299.6
2016-10-03,973,33.24,308.4
2016-10-04,963.5,33.1,306.3
2016-10-05,956.75,32.84,305.4
2016-10-06,958.5,33.3,303.1
2016-10-07,956.75,33.31,300.2
2016-10-10,954.5,33.82,298.1
2016-10-11,954.25,33.35,300.3
2016-10-12,945.5,33.34,296.5
2016-10-13,956.25,33.38,302.3
2016-10-14,962.5,34.38,300.6
2016-10-17,978.25,35.44,303.5
2016-10-18,972.5,35.07,303.4
2016-10-19,981.5,35.4,306.4
2016-10-20,975.5,35.05,304.6
2016-10-21,983,35.12,306.5
2016-10-24,992,35.99,307.3
2016-10-25,1002.25,35.8,308.2
2016-10-26,1021,35.72,319.1
2016-10-27,1025,35.11,327.6
2016-10-28,1012,35.41,317.5
2016-10-31,1011.75,35.17,316.1
2016-11-01,993.25,34.85,309.5
2016-11-02,986.5,34.98,306.7
2016-11-03,989.5,35.1,306.4
2016-11-04,990.75,34.71,309
2016-11-07,998.5,34.79,311.9
2016-11-08,1011.25,35.31,315.7
2016-11-09,991,34.31,311.4
2016-11-10,998,34.77,311.4
2016-11-11,986,34.44,307.8
2016-11-14,984.25,33.95,309.9
2016-11-15,989.5,34.21,310.1
2016-11-16,985.75,34.1,308.4
2016-11-17,989.5,33.7,311.5
2016-11-18,993.75,34.05,310.4
2016-11-21,1020.25,34.64,319.7
2016-11-22,1030,34.77,327.4
2016-11-23,1034.25,37.14,318.6
2016-11-25,1046,36.94,323.1
2016-11-28,1056,36.97,328.2
2016-11-29,1042.5,36.62,324.2
2016-11-30,1032.25,36.99,318.3
2016-12-01,1029.75,37.85,312.7
2016-12-02,1027.5,37.72,312.5
2016-12-05,1043.5,37.67,319.5
2016-12-06,1047.75,37.82,321.9
2016-12-07,1049,37.93,320.5
2016-12-08,1027,37.26,313.7
2016-12-09,1037.5,36.94,318.8
2016-12-12,1031,36.97,316.2
2016-12-13,1028,36.78,315.1
2016-12-14,1023.75,36.92,312.8
2016-12-15,1029,36.74,314
2016-12-16,1036.75,36.74,317.1
2016-12-19,1021.5,36.56,312.2
2016-12-20,1005.25,36.06,308.8
2016-12-21,1017,36.34,309.5
2016-12-22,1004,35.09,313.3
2016-12-23,997.5,34.88,311.6
2016-12-27,1024.25,35.4,321.6
2016-12-28,1016.5,35.12,320.3
2016-12-29,1012.75,34.79,319
2016-12-30,1004,34.66,316.6
2017-01-03,995,34.81,312.1
2017-01-04,1015.25,35.21,319.1
2017-01-05,1012.5,35.22,318.2
2017-01-06,994.75,34.98,311.3
2017-01-09,1005.25,35.49,313.9
2017-01-10,1013.75,35.64,317.5
2017-01-11,1011.5,36,314.9
2017-01-12,1040.25,36.07,327.9
2017-01-13,1046.25,35.6,333.9
2017-01-17,1069.25,35.56,348.8
2017-01-18,1075,35.58,351.1
2017-01-19,1070.25,35.44,348.2
2017-01-20,1067.5,35.15,348.7
2017-01-23,1057.75,35.13,343.5
2017-01-24,1058.5,35.28,343
2017-01-25,1055.25,34.87,343.3
2017-01-26,1049.5,34.47,342.4
2017-01-27,1049.25,34.27,343
2017-01-30,1022.75,33.61,334.4
2017-01-31,1024.5,33.85,334.6
2017-02-01,1036.75,34.31,336
2017-02-02,1037.25,34.59,333.8
2017-02-03,1027,33.86,331.6
2017-02-06,1036,34.44,332.8
2017-02-07,1042.75,34.3,335.9
2017-02-08,1058.75,34.69,341.2
2017-02-09,1050.5,34.67,338.4
2017-02-10,1059,34.61,342.1
2017-02-13,1054.25,34.17,343.2
2017-02-14,1045,34.14,339.5
2017-02-15,1061.25,33.94,346.9
2017-02-16,1043.75,33.52,342
2017-02-17,1032.5,32.89,339.6
2017-02-21,1026.25,32.95,337.4
2017-02-22,1033.5,33,339.5
2017-02-23,1022.5,32.59,335.2
2017-02-24,1024.25,32.67,335.7
2017-02-27,1022,32.63,335.6
2017-02-28,1035.75,33.93,336.4
2017-03-01,1051.75,34.74,339.3
2017-03-02,1037.25,34.13,334.8
2017-03-03,1037.5,34.38,333
2017-03-06,1037.25,34.27,333.7
2017-03-07,1025.25,33.73,331.3
2017-03-08,1021.75,33.54,331.1
2017-03-09,1011,33.11,328.5
2017-03-10,1006.5,32.68,328.7
2017-03-13,1006,32.12,330.9
2017-03-14,999.25,32.3,327.2
2017-03-15,998,32.22,327.6
2017-03-16,1001.5,32.26,329.3
2017-03-17,1000,32.3,328.9
2017-03-20,999.5,32.74,326.6
2017-03-21,1001.5,33.14,325.8
2017-03-22,999.75,33.52,323.5
2017-03-23,991,33.22,320.7
2017-03-24,975.75,32.23,318.2
2017-03-27,971.5,32.29,315.3
2017-03-28,972,32.47,315.3
2017-03-29,969,32.21,315.8
2017-03-30,963,32.01,314.9
2017-03-31,946,31.78,308.4
2017-04-03,938.25,31.42,307.6
2017-04-04,937.75,31.43,308.1
2017-04-05,944.25,31.83,309.8
2017-04-06,941.5,31.37,308.7
2017-04-07,942,31.62,307.4
2017-04-10,941.75,31.35,309.1
2017-04-11,939.25,31.07,309.3
2017-04-12,947.75,31.24,312.7
2017-04-13,955.5,31.19,317.5
2017-04-17,953.25,31.8,313.4
2017-04-18,946,31.14,312.2
2017-04-19,960.5,31.79,315.2
2017-04-20,956.75,32.12,311.9
2017-04-21,960.75,32.16,313.6
2017-04-24,971.75,31.93,320.6
2017-04-25,965,31.85,317.7
2017-04-26,956.5,32.16,313.7
2017-04-27,957.25,31.96,314.8
2017-04-28,956.25,31.71,315.8
2017-05-01,970.25,32.16,318.6
2017-05-02,968.75,32.62,315
2017-05-03,975.25,32.56,318.8
2017-05-04,974.25,32.5,318.6
2017-05-05,973,32.9,316.9
2017-05-08,964.75,32.94,313.6
2017-05-09,974,32.89,318.5
2017-05-10,970.25,32.28,317.7
2017-05-11,966.25,32.49,314.9
2017-05-12,963,32.84,313.3
2017-05-15,965.25,33.02,312.5
2017-05-16,976.25,33.01,317
2017-05-17,975.75,33.15,315.3
2017-05-18,944.75,32.44,307.5
2017-05-19,953,33.04,307
2017-05-22,956.5,32.94,307.8
2017-05-23,948.25,32.34,306.3
2017-05-24,948.25,32.28,306.4
2017-05-25,939.5,32.04,304.7
2017-05-26,926.5,31.6,301.8
2017-05-30,912.75,31.42,297.6
2017-05-31,916,31.34,298.1
2017-06-01,912.25,31.25,297.5
2017-06-02,921.25,31.01,301.9
2017-06-05,922,31.31,300.6
2017-06-06,923.5,31.39,301.1
2017-06-07,930.75,31.36,304.9
2017-06-08,938,31.85,306.1
2017-06-09,941.5,32.29,305.9
2017-06-12,931.25,31.94,301.8
2017-06-13,932.5,32.09,301.5
2017-06-14,931.75,32.09,301.8
2017-06-15,934.75,32.74,300.6
2017-06-16,939,33.11,300.9
2017-06-19,937.75,32.82,301.5
2017-06-20,927.75,32.02,300.9
2017-06-21,918.75,31.85,297.9
2017-06-22,904,31.55,293.8
2017-06-23,911,31.61,293.6
2017-06-26,913.75,31.52,294.1
2017-06-27,917.5,32.08,294
2017-06-28,914,32.12,294.6
2017-06-29,924.75,32.52,296.4
2017-06-30,954.75,33.34,311.2
2017-07-03,980.75,33.58,320.4
2017-07-05,994.25,33.71,325.6
2017-07-06,999.25,33.38,329.7
2017-07-07,1015.5,33.32,338
2017-07-10,1039.25,34.17,345.6
2017-07-11,1043.25,34.32,346.2
2017-07-12,1034,33.99,343.3
2017-07-13,987.5,33.5,325.1
2017-07-14,1001.5,33.68,331.2
2017-07-17,997.5,33.44,329.5
2017-07-18,1001.75,33.59,330.9
2017-07-19,1012.5,33.88,334.2
2017-07-20,1027,34.45,338.1
2017-07-21,1022.25,34.27,336.8
2017-07-24,1010,34.05,332.7
2017-07-25,992.75,33.97,324.9
2017-07-26,1000.25,34.21,326.5
2017-07-27,1007.5,34.29,329
2017-07-28,1013,35.02,328.5
2017-07-31,1007.25,35.13,325.4
2017-08-01,971.75,34.28,314.5
2017-08-02,977.5,34.57,315.5
2017-08-03,960.5,33.8,312.6
2017-08-04,956.75,34.03,309.4
2017-08-07,969.75,33.93,314.2
2017-08-08,973.25,34.22,314.3
2017-08-09,973.25,34.53,312.9
2017-08-10,940.25,34.16,300.2
2017-08-11,945,33.99,304.2
2017-08-14,938.25,33.77,302.7
2017-08-15,924.25,33.04,299.4
2017-08-16,925.25,33.18,298.1
2017-08-17,933,33.55,300
2017-08-18,937.75,33.97,300.5
2017-08-21,936.25,34.17,299
2017-08-22,937.5,34.42,298.7
2017-08-23,938,35.06,296.5
2017-08-24,946.5,35.13,300.9
2017-08-25,944.5,34.95,300
2017-08-28,941.25,34.96,299.4
2017-08-29,937.25,34.65,299.2
2017-08-30,933.25,34.69,297.4
2017-08-31,945.25,35.06,299.5
2017-09-01,949.5,35.67,298.8
2017-09-05,968.5,35.44,308
2017-09-06,971,35.56,308.7
2017-09-07,968.75,35.43,307.2
2017-09-08,962,34.94,305.2
2017-09-11,960,35.15,303.6
2017-09-12,950.5,35.19,300
2017-09-13,960.5,35.09,305.4
2017-09-14,976,35.08,313.1
2017-09-15,968.75,34.81,311.4
2017-09-18,967.75,34.43,312.6
2017-09-19,965.5,34.76,308.7
2017-09-20,970,34.91,310.1
2017-09-21,970.75,34.34,312.9
2017-09-22,984.25,34.22,319
2017-09-25,971.25,34.01,314.3
2017-09-26,963.5,33.45,313.1
2017-09-27,965.5,33.22,313.3
2017-09-28,959.5,32.82,311.5
2017-09-29,968.25,32.82,315.8
2017-10-02,957.25,32.52,313.6
2017-10-03,955.25,32.75,311.5
2017-10-04,958.25,33.23,311
2017-10-05,968.25,33,316.9
2017-10-06,972.25,32.95,319.2
2017-10-09,966.75,33.26,315.5
2017-10-10,966,33.11,316.2
2017-10-11,965.25,33.15,314.9
2017-10-12,992,33.28,326.3
2017-10-13,1000.25,33.69,328.6
2017-10-16,991,33.59,324.5
2017-10-17,984.75,33.59,321.6
2017-10-18,984.25,33.41,321.8
2017-10-19,986.5,33.83,321.4
2017-10-20,978.75,34.16,317.1
