"","Date","Open","High","Low","Last","Change","Settle","Volume","Prev. Day Open Interest"
"1",2014-09-12,333.5,335,330.25,NA,7.25,339,325,308
"2",2014-09-11,338,338,329,335,7,331.75,1631,1703
"3",2014-09-10,336,340.75,335,336.5,2.5,338.75,1299,2701
"4",2014-09-09,338.75,338.75,334.75,336.5,3,336.25,1597,3736
"5",2014-09-08,345,348,336.75,340.5,7.25,339.25,895,4236
"6",2014-09-05,336.25,347.5,335.25,346,10.75,346.5,3183,6394
"7",2014-09-04,341.25,342.25,333.25,336,5,335.75,4936,8215
"8",2014-09-03,355,355,340.5,340.5,14,341.25,11490,14489
"9",2014-09-02,357.5,360.75,355,355,3.25,355.75,11124,19254
"10",2014-08-29,360,361.75,356,358.75,2.75,359,30599,27125
"11",2014-08-28,355.25,362,354.75,360.5,5.75,361.75,71113,50973
"12",2014-08-27,355,356.5,352.5,355.75,NA,356,72433,74305
"13",2014-08-26,359,359.5,353.5,354.75,4,356,85567,97117
"14",2014-08-25,363.5,364.25,358.75,359.25,5.5,360,78302,113234
"15",2014-08-22,361.25,367,361.25,364.5,3.25,365.5,106818,171441
"16",2014-08-21,358.75,366,358,362,2.75,362.25,98175,179937
"17",2014-08-20,361.5,362,356.25,359.5,3,359.5,95479,198394
"18",2014-08-19,360,363.25,356.5,362.5,1.75,362.5,79608,214031
"19",2014-08-18,365.5,370,359.75,360.25,5,360.75,78113,232761
"20",2014-08-15,361,368,360.5,365.5,3.75,365.75,74395,243499
"21",2014-08-14,357.75,362.75,355,362.25,4,362,67793,258033
"22",2014-08-13,358,361,354.5,358,0.5,358,109657,284771
"23",2014-08-12,355.5,362,347.75,358.5,1.75,358.5,193799,323847
"24",2014-08-11,351,357.75,350.5,356.25,5,356.75,166261,365065
"25",2014-08-08,358.75,359.5,351.25,352,7.75,351.75,123347,398004
"26",2014-08-07,362,362.75,355.75,359,3.75,359.5,132926,434742
"27",2014-08-06,355.75,364,355.5,363,7,363.25,74891,444619
"28",2014-08-05,358,358.25,353,355.75,2.5,356.25,65584,455658
"29",2014-08-04,351.5,361.25,351.5,359.25,6.25,358.75,75355,464043
"30",2014-08-01,357,358.75,351.5,351.5,4.5,352.5,72880,477976
"31",2014-07-31,360.5,361.5,356.75,357,4.75,357,68257,482210
"32",2014-07-30,361,364.25,357.75,361,0.25,361.75,78258,487199
"33",2014-07-29,367.5,368.5,358.5,361.5,6.25,361.5,75808,495687
"34",2014-07-28,363,369.25,363,367.25,4.75,367.75,62724,500907
"35",2014-07-25,361,363.5,357,362.5,1.5,363,75733,503321
"36",2014-07-24,361.75,369,356.5,361.5,1,361.5,80128,503994
"37",2014-07-23,360,363.5,357.5,362.25,2.25,362.5,59652,501399
"38",2014-07-22,363.5,367,359.75,360,3.75,360.25,56264,502013
"39",2014-07-21,369,369,363,364.75,7.25,364,80084,504014
"40",2014-07-18,379,381.25,370,370.25,8.25,371.25,62889,502429
"41",2014-07-17,378,387.75,374.5,379.25,1.25,379.5,99065,501855
"42",2014-07-16,374,386.25,373.75,377.5,4.25,378.25,86879,507995
"43",2014-07-15,381,381.25,371,374.25,7.5,374,104194,509271
"44",2014-07-14,377.25,382.75,374,381.5,3.25,381.5,63257,509240
"45",2014-07-11,386,388.5,375.75,377.5,8,378.25,99276,510781
"46",2014-07-10,390.25,394.25,385.25,386.5,5,386.25,93365,512308
"47",2014-07-09,397.75,398,388.5,391,7,391.25,90044,515304
"48",2014-07-08,400.5,402.25,396.75,398.5,2.25,398.25,91717,511268
"49",2014-07-07,405.75,406,397,401.25,9,400.5,106889,511630
"50",2014-07-03,412.5,414,408.5,409,2.75,409.5,47469,510643
"51",2014-07-02,416,416.5,410,413,3.75,412.25,62897,510743
"52",2014-07-01,418,418.5,410.25,416,2.75,416,95572,512133
"53",2014-06-30,441.75,441.75,416.75,417,23.5,418.75,173435,509731
"54",2014-06-27,438.25,442.5,436.25,441.5,3.25,442.25,120403,496410
"55",2014-06-26,436,442,435.25,439,3.25,439,114681,486111
"56",2014-06-25,436.75,436.75,433.75,436,1,435.75,101748,477866
"57",2014-06-24,439,439.5,433.25,436.5,2.25,436.75,88669,465533
"58",2014-06-23,448,453,438.5,438.5,9.25,439,76586,452247
"59",2014-06-20,443.75,448.75,440.5,447.5,4,448.25,66109,455864
"60",2014-06-19,435,444.5,435,443.5,8.75,444.25,72277,446604
"61",2014-06-18,434,438,433.75,435.5,1.5,435.5,58339,440673
"62",2014-06-17,436.5,437.5,431,434.5,2.75,434,67844,433091
"63",2014-06-16,440.5,445.5,436,436.5,6.25,436.75,76609,418263
"64",2014-06-13,440.25,445.5,439.75,442,3,443,88018,404761
"65",2014-06-12,437.25,441.25,435,440.5,2.5,440,116071,381819
"66",2014-06-11,442,444.75,435,437.25,3.75,437.5,118531,358627
"67",2014-06-10,447,450.75,440.5,440.5,6.25,441.25,104041,334296
"68",2014-06-09,454.5,454.5,443,447.25,8.75,447.5,98311,311600
"69",2014-06-06,444.25,457.25,442.75,455.5,12,456.25,96199,291061
"70",2014-06-05,452.75,453,443.75,444.25,8,444.25,54625,284505
"71",2014-06-04,453.75,456,450,452,1.75,452.25,44394,271787
"72",2014-06-03,456.5,459,452.25,453,5.25,454,55520,262270
"73",2014-06-02,456.75,461.5,452,460,1.25,459.25,68186,250334
"74",2014-05-30,463.25,466.5,457.25,457.5,5.25,458,54597,243933
"75",2014-05-29,469.5,469.75,462.25,464,6,463.25,74634,230061
"76",2014-05-28,466,469.75,463.5,469.25,3,469.25,39852,223861
"77",2014-05-27,470.5,472,465.75,466.25,9.25,466.25,32525,218067
"78",2014-05-23,474,477.75,472.5,475,1.5,475.5,25312,211952
"79",2014-05-22,472.25,480,470,474,1.5,474,32772,205453
"80",2014-05-21,472,474.25,470.5,472.5,0.25,472.5,29906,200958
"81",2014-05-20,475.5,479.25,471.5,472.25,3.25,472.25,34175,194678
"82",2014-05-19,480.25,480.25,474.5,474.75,5.75,475.5,25980,192950
"83",2014-05-16,481.5,483.75,477,482,0.25,481.25,24640,191705
"84",2014-05-15,491,492.5,478.75,480,9.75,481,28202,190958
"85",2014-05-14,495.5,497.75,490.25,490.5,5.75,490.75,26940,187934
"86",2014-05-13,493,497.5,492.25,495,2.5,496.5,25472,188978
"87",2014-05-12,499.5,499.75,493,499,7.75,494,20154,190446
"88",2014-05-09,512,518,500.5,501.5,11.5,501.75,60986,191423
"89",2014-05-08,510.25,513.5,505,513.25,2.25,513.25,27132,192539
"90",2014-05-07,511.75,513.5,507,508.75,2,511,33984,195222
"91",2014-05-06,502.75,513.5,498.25,509.5,9.25,513,24034,194629
"92",2014-05-05,495.75,504.25,494.5,503.25,7.5,503.75,26904,192144
"93",2014-05-02,502.75,506,494.5,496.5,6.25,496.25,26752,191711
"94",2014-05-01,513,515.5,500,502.5,10.75,502.5,32528,189745
"95",2014-04-30,514.75,516,509.25,513.25,3,513.25,17030,188691
"96",2014-04-29,511.25,516.5,510.25,515.5,6.5,516.25,32415,186698
"97",2014-04-28,509,514.5,507.75,509,0.5,510,29687,184986
"98",2014-04-25,505,513.5,504.75,506,4.5,509.25,19142,183698
"99",2014-04-24,505.5,511.25,503,NA,2.5,505,21849,181758
"100",2014-04-23,498.75,507.75,497.75,506,8.5,507.25,21032,179270
"101",2014-04-22,491.5,502.5,490.25,496,7,499,29360,174434
"102",2014-04-21,496.5,497,488.5,492.5,6.5,491.5,22224,171179
"103",2014-04-17,500.75,503.5,496.5,NA,2,498.25,18434,168921
"104",2014-04-16,504.75,506.75,498.5,500,5,500.75,26143,166478
"105",2014-04-15,506.75,509.75,502.5,506.5,0,506.25,28537,164162
"106",2014-04-14,501.75,509.5,501,506.5,4.5,506.75,20041,161112
"107",2014-04-11,505.25,509.75,501.5,505,4,502.5,28091,159400
"108",2014-04-10,506.75,508.25,499.5,NA,0.5,507,35676,149413
"109",2014-04-09,510,519.75,503,513,5,506.75,46908,140325
"110",2014-04-08,504.25,511.5,502.25,510,6.5,511.75,24462,134773
"111",2014-04-07,505,507.75,500.5,500.5,1,505.5,31588,132350
"112",2014-04-04,501.5,507.25,498,500.5,4.5,507,22798,128790
"113",2014-04-03,499.25,503.5,496.75,502,4.5,502.75,24833,125559
"114",2014-04-02,507.25,508.75,493.5,506.5,10,498.5,25914,124463
"115",2014-04-01,501.25,511.75,501.25,508,6,508.5,31459,123447
"116",2014-03-31,489.25,502.75,477.5,501,10.5,502,42968,120996
"117",2014-03-28,492,495,489.5,490,0.5,491.25,21368,119525
"118",2014-03-27,485.25,492.25,483.75,489.5,5,491.5,19386,118849
"119",2014-03-26,488,488.75,484,NA,2.5,486,12329,117543
"120",2014-03-25,489,490,486.25,NA,2.5,488.25,12369,116352
"121",2014-03-24,481,491,480.25,NA,9,490.5,14815,114038
"122",2014-03-21,481.75,482.75,478.75,482,0,481,8603,114393
"123",2014-03-20,489,489,480.5,481,8,481.5,10237,113733
"124",2014-03-19,488,492.75,484.75,489.5,1.5,490,13078,112848
"125",2014-03-18,481.5,488.75,480.75,485,6.5,488.75,11289,111405
"126",2014-03-17,487,489.5,479.25,485.5,6,482.5,9190,110790
"127",2014-03-14,485,490,481.25,486,2,488.5,16783,109641
"128",2014-03-13,487,492.25,482.75,489.5,2,486,22171,106217
"129",2014-03-12,482.75,489,477.25,488,5.5,488.5,20580,101235
"130",2014-03-11,478.25,484.5,474.25,NA,4,483.25,19450,97088
"131",2014-03-10,485,486.75,475.5,486,8.5,479.25,25322,92857
"132",2014-03-07,489,497,482.75,485,3,487.5,28781,93731
"133",2014-03-06,481.5,491,479.75,490,7.5,490.5,25466,88980
"134",2014-03-05,484,486,479.5,NA,NA,482.75,25160,88452
"135",2014-03-04,473.25,485.75,469.25,480.5,11.5,485.25,23490,90386
"136",2014-03-03,468.75,483.25,468.5,472,6,474,35180,86455
"137",2014-02-28,458.5,468.5,457.5,466,9,468,11449,87485
"138",2014-02-27,462.75,464.75,457,458,5,458.5,10642,87863
"139",2014-02-26,464.25,467.75,461.25,465.5,1,463.5,16354,90147
"140",2014-02-25,462,465.5,458.25,NA,3,465,6676,89129
"141",2014-02-24,460.75,462.25,456.75,460.5,0,462,10042,86226
"142",2014-02-21,466,466.75,459.75,463.5,5,461.5,13679,83193
"143",2014-02-20,464.5,466.75,463,466.5,1.5,466.5,8881,82012
"144",2014-02-19,460,465.75,459.75,465,4,465.25,11456,80773
"145",2014-02-18,455.5,461,455.25,NA,4,460.75,11494,80097
"146",2014-02-14,452.25,456.75,450,NA,NA,456.25,5653,78750
"147",2014-02-13,453,455.25,450.5,NA,NA,452.25,10230,76022
"148",2014-02-12,453.25,456.75,451.25,NA,NA,453.75,20798,73862
"149",2014-02-11,455.75,457.25,450,NA,NA,453.75,8042,69708
"150",2014-02-10,455.75,461,453.25,NA,NA,456,19836,68573
"151",2014-02-07,454.5,457.5,452.25,NA,NA,457,5838,65785
"152",2014-02-06,453.25,457.25,452.25,NA,NA,455.25,8567,65316
"153",2014-02-05,454.5,455,451.75,NA,NA,454,11032,63203
"154",2014-02-04,448.5,455.75,448.5,NA,NA,455.5,8300,62129
"155",2014-02-03,445.75,451.5,445.75,NA,NA,449,5561,61237
"156",2014-01-31,445,446.75,443.25,NA,NA,446.25,4335,60927
"157",2014-01-30,442.75,448,442.25,NA,NA,446,4980,60856
"158",2014-01-29,444.75,445.75,441.25,NA,NA,442,3909,60815
"159",2014-01-28,446.25,447.5,445,NA,NA,446,3868,60913
"160",2014-01-27,443.5,447.75,442.25,NA,NA,447.25,5621,60987
"161",2014-01-24,444.25,445.25,441.25,NA,NA,444.25,7606,61605
"162",2014-01-23,442,446.5,442,NA,NA,444.5,6161,62042
"163",2014-01-22,442.5,444.75,441.75,NA,NA,442.5,8271,61875
"164",2014-01-21,443.5,443.5,439.75,NA,NA,442.5,5773,60931
"165",2014-01-17,445.75,446,441.5,NA,NA,443.25,3462,60394
"166",2014-01-16,445,449,443.5,NA,NA,446.5,8767,60686
"167",2014-01-15,450,450.5,445,NA,NA,445.5,7848,60231
"168",2014-01-14,453.25,453.25,446,NA,NA,451,11761,57444
"169",2014-01-13,452,454.5,449.5,NA,NA,453.75,12396,55854
"170",2014-01-10,433.5,453,428.25,NA,NA,452.75,22555,53905
"171",2014-01-09,438.25,438.25,430.5,NA,NA,434.25,10858,50544
"172",2014-01-08,446.5,448.25,436.25,NA,NA,439,7676,48344
"173",2014-01-07,447.75,450.5,445.5,NA,NA,446.75,5552,47618
"174",2014-01-06,444.75,449,444.75,NA,NA,448.75,3060,46982
"175",2014-01-03,442,445.5,438.5,NA,NA,445,3699,46163
"176",2014-01-02,442.75,448,439.5,NA,NA,442,4743,45660
"177",2013-12-31,443.75,444.75,442.5,NA,NA,443.5,1867,45109
"178",2013-12-30,448.25,448.25,444,NA,NA,444.75,2944,44592
"179",2013-12-27,448.5,450,447.75,NA,NA,449,884,44454
"180",2013-12-26,453.75,453.75,447.75,NA,NA,447.75,2426,44566
"181",2013-12-24,454,455.75,453.5,NA,NA,455.5,591,44622
"182",2013-12-23,454,456.25,453.25,NA,NA,455,1335,44582
"183",2013-12-20,451,455.5,449,NA,NA,454.25,2229,44207
"184",2013-12-19,446.75,452,446,NA,NA,451.5,1656,44393
"185",2013-12-18,447,451.25,444.5,NA,NA,446.75,4298,44283
"186",2013-12-17,444,449.5,442.5,NA,NA,447.75,3350,43850
"187",2013-12-16,445.5,446.5,441,NA,NA,444,2894,43570
"188",2013-12-13,455,455,445.25,NA,NA,446,4071,43485
"189",2013-12-12,460,460,448.5,NA,NA,455,7272,42049
"190",2013-12-11,456.75,460.75,456,NA,NA,460.5,4307,40506
"191",2013-12-10,459,461.25,452.25,NA,NA,458,5168,39234
"192",2013-12-09,455.25,460,454,NA,NA,459.75,3410,38168
"193",2013-12-06,455,456.75,451.75,NA,NA,456,3761,36604
"194",2013-12-05,456.5,458,452.25,NA,NA,455,2729,36713
"195",2013-12-04,451.75,460.5,448,NA,NA,456.5,5517,37436
"196",2013-12-03,446,453.5,444.75,NA,NA,452.25,5133,38339
"197",2013-12-02,444.25,446.75,440.75,NA,NA,446.25,4111,38783
"198",2013-11-29,448,449,443.75,NA,NA,446.5,1806,38623
"199",2013-11-27,446,450.75,445.5,NA,NA,448.25,2277,37677
"200",2013-11-26,452.25,452.25,444.25,NA,NA,446.25,4259,36549
"201",2013-11-25,451,453.5,450,NA,NA,451.75,1206,36474
"202",2013-11-22,449.75,452.75,448,NA,NA,450,1580,36371
"203",2013-11-21,446.25,450.5,446,NA,NA,450,2336,35889
"204",2013-11-20,447.5,448.5,445,NA,NA,446.25,1531,35700
"205",2013-11-19,443.25,448.5,442,NA,NA,447.75,2118,35629
"206",2013-11-18,451,451.5,442.75,NA,NA,443,3525,35277
"207",2013-11-15,458.25,460.75,451,NA,NA,451.75,2258,35064
"208",2013-11-14,461.5,462,457.25,NA,NA,458.25,2739,34734
"209",2013-11-13,465.75,466.75,460.5,NA,NA,461.5,2550,34474
"210",2013-11-12,466.5,470,462.75,NA,NA,465.25,2324,34422
"211",2013-11-11,463.75,469.75,461.75,NA,NA,467.25,5507,34716
"212",2013-11-08,452.5,461.25,448.5,NA,NA,459.5,5138,35337
"213",2013-11-07,452.75,455.5,452,NA,NA,452.75,3649,34608
"214",2013-11-06,456.25,457.5,452,NA,NA,452.75,1905,34034
"215",2013-11-05,458,458,456,NA,NA,456.75,2417,33629
"216",2013-11-04,458.5,460.75,457.5,NA,NA,458,3280,33343
"217",2013-11-01,460.75,460.75,457,NA,NA,458.75,3986,32566
"218",2013-10-31,463.75,468.75,460.25,NA,NA,460.75,5357,32273
"219",2013-10-30,466.5,469.25,462.75,NA,NA,463.5,3761,32120
"220",2013-10-29,466.25,469.5,464,NA,NA,466.5,2838,31813
"221",2013-10-28,474,474.5,465.75,NA,NA,466.75,3120,30940
"222",2013-10-25,475,477,474.25,NA,NA,475,3235,29874
"223",2013-10-24,477.25,478.75,473.5,NA,NA,475.25,2295,29271
"224",2013-10-23,473,480.25,473,NA,NA,477.5,5217,28507
"225",2013-10-22,477.5,478.25,472.5,NA,NA,473.25,1426,28143
"226",2013-10-21,474.5,478.25,472.5,NA,NA,477.75,3012,27602
"227",2013-10-18,476,480.25,475,NA,NA,475.25,1906,27474
"228",2013-10-17,475.75,479,475.25,NA,NA,476,1671,27473
"229",2013-10-16,477.25,478,472.75,NA,NA,476,1411,27093
"230",2013-10-15,471,477.25,470.75,NA,NA,477.5,1559,26924
"231",2013-10-14,467.75,471.5,467,NA,NA,471.25,617,26707
"232",2013-10-11,470.5,470.5,467.25,NA,NA,468.25,2671,25698
"233",2013-10-10,478,480,471,NA,NA,473,1559,24898
"234",2013-10-09,475.5,480,475,NA,NA,478,2852,23697
"235",2013-10-08,482,483,473.75,NA,NA,475.25,2670,22692
"236",2013-10-07,476.5,482.75,476,NA,NA,482.75,4001,20987
"237",2013-10-04,473.5,477.75,472.75,NA,NA,477.5,1818,20620
"238",2013-10-03,472.25,476.75,471.75,NA,NA,473.25,2816,19612
"239",2013-10-02,470,473.5,468.5,NA,NA,472.5,3136,18769
"240",2013-10-01,473.75,475.75,467.75,NA,NA,472.25,4200,17220
"241",2013-09-30,485,491.75,473,NA,NA,473.75,3009,16150
"242",2013-09-27,486.75,488.5,483,NA,NA,484.5,936,16037
"243",2013-09-26,483.75,487.5,481,NA,NA,486.5,1146,15966
"244",2013-09-25,479.25,486.25,477.25,NA,NA,484,5176,14451
"245",2013-09-24,484.5,487.75,478.25,NA,NA,479,8567,13488
"246",2013-09-23,483.5,487,481,NA,NA,485.25,1443,13253
"247",2013-09-20,491.25,491.25,483,NA,NA,483.5,784,12988
"248",2013-09-19,488,494.25,487.75,NA,NA,491,1001,12799
"249",2013-09-18,486.25,489,485,NA,NA,488.5,2985,11783
"250",2013-09-17,489.25,497.25,485,NA,NA,486.25,1440,11372
"251",2013-09-16,490.5,493.25,486.25,NA,NA,488.25,881,11288
"252",2013-09-13,494.75,497,489.75,NA,NA,490.75,962,11404
"253",2013-09-12,503,503,488.25,NA,NA,498.25,1433,11405
"254",2013-09-11,501,503,498,NA,NA,502.75,860,11429
"255",2013-09-10,494.5,500.75,492.5,NA,NA,500.5,720,11281
"256",2013-09-09,499.25,500,492.5,NA,NA,495,396,11250
"257",2013-09-06,492.5,498.75,492,NA,NA,498.5,829,11220
"258",2013-09-05,502,502,490.5,NA,NA,492.25,1161,11010
"259",2013-09-04,506.25,506.25,497.75,NA,NA,501.5,822,10978
"260",2013-09-03,516.5,519.5,501.5,NA,NA,506,1239,10747
"261",2013-08-30,509,513,505.25,NA,NA,512,1244,10418
"262",2013-08-29,507.75,512,505.75,NA,NA,510.5,778,10333
"263",2013-08-28,516,516.5,507,NA,NA,508.25,395,10214
"264",2013-08-27,525,526,512,NA,NA,512.25,925,10174
"265",2013-08-26,510,530.25,509.25,NA,NA,523,884,10188
"266",2013-08-23,497.25,501.75,496.75,NA,NA,499.25,474,10141
"267",2013-08-22,506,506.75,494.25,NA,NA,494.25,202,10097
"268",2013-08-21,503.5,511.75,502.5,NA,NA,510.75,433,10120
"269",2013-08-20,511.5,511.5,502.75,NA,NA,504.25,861,10346
"270",2013-08-19,502.75,513.25,500,NA,NA,513,625,10163
"271",2013-08-16,503,504.5,492.25,NA,NA,494,1359,10585
"272",2013-08-15,489.5,505,489,NA,NA,503.25,514,10497
"273",2013-08-14,481.25,488.25,480,NA,NA,488,625,10280
"274",2013-08-13,494,498,478.75,NA,NA,480,1835,9480
"275",2013-08-12,485,495.5,478.5,NA,NA,494.25,1228,8960
"276",2013-08-09,490,493.25,484,NA,NA,485,446,8847
"277",2013-08-08,488.25,493.75,486.75,NA,NA,490.75,662,8654
"278",2013-08-07,489.75,493.5,486.5,NA,NA,488.25,1180,8501
"279",2013-08-06,490.5,491.5,485.75,NA,NA,489.75,585,8397
"280",2013-08-05,490.5,491.75,485.75,NA,NA,490.5,851,7944
"281",2013-08-02,495,497,491,NA,NA,492.25,971,7446
"282",2013-08-01,500.75,500.75,491.5,NA,NA,494.5,428,7508
"283",2013-07-31,505,506.5,501.5,NA,NA,504.5,2634,8991
"284",2013-07-30,502,506.5,502,NA,NA,505,898,9004
"285",2013-07-29,503.25,507,500,NA,NA,502.25,509,8751
"286",2013-07-26,507.75,509.25,504.25,NA,NA,504.5,438,8532
"287",2013-07-25,509.5,510.5,504.5,NA,NA,507.75,1168,8171
"288",2013-07-24,512,516,508,NA,NA,509,817,8076
"289",2013-07-23,518.25,518.5,511,NA,NA,513.75,971,7959
"290",2013-07-22,521.5,525.5,519.75,NA,NA,524.75,630,7865
"291",2013-07-19,522.5,526.5,518.75,NA,NA,526.25,1383,7645
"292",2013-07-18,521,524.75,519.75,NA,NA,525.75,388,7596
"293",2013-07-17,534.5,537,526.25,NA,NA,526.75,300,7508
"294",2013-07-16,535,540.75,532,NA,NA,534.25,769,7316
"295",2013-07-15,530.25,531,524,NA,NA,528.25,219,7280
"296",2013-07-12,546.75,546.75,534,NA,NA,535,153,7238
"297",2013-07-11,546,550,536.25,NA,NA,549.75,381,7171
"298",2013-07-10,546.75,549.75,540.75,NA,NA,546,445,7063
"299",2013-07-09,527.25,546.5,527.25,NA,NA,545,317,7001
"300",2013-07-08,518,527.5,518,NA,NA,526.5,523,6854
"301",2013-07-05,530.5,531,519.5,NA,NA,519.75,495,6642
"302",2013-07-03,530,533.75,525,NA,NA,530.25,570,6325
"303",2013-07-02,527.25,530.75,523.25,NA,NA,528.5,457,6265
"304",2013-07-01,528.5,529.25,524.5,NA,NA,527.25,716,5968
"305",2013-06-28,552,553.25,528.25,NA,NA,530.75,756,5742
"306",2013-06-27,555.25,555.25,550.75,NA,NA,553.75,317,5665
"307",2013-06-26,556.5,563.5,556.5,NA,NA,557.75,21,5671
"308",2013-06-25,563,565,558.5,NA,NA,559.75,142,5621
"309",2013-06-24,558.75,562.5,558.5,NA,NA,561.25,142,5593
"310",2013-06-21,573,576.5,568.25,NA,NA,570.75,344,5457
"311",2013-06-20,580,580.75,567.25,NA,NA,574.25,347,5406
"312",2013-06-19,565,585,564,NA,NA,583.5,571,5256
"313",2013-06-18,556,565,556,NA,NA,567.25,341,5134
"314",2013-06-17,554,554.5,547.25,NA,NA,556.25,449,4968
"315",2013-06-14,550.75,554,549.5,NA,NA,551.25,262,4822
"316",2013-06-13,554,554,546,NA,NA,553.25,420,4609
"317",2013-06-12,564,564,550,NA,NA,554.5,565,4208
"318",2013-06-11,561,566,558,NA,NA,565.5,268,4011
"319",2013-06-10,559.25,562,554.5,NA,NA,561.25,505,3986
"320",2013-06-07,565,571.25,562.25,NA,NA,570.75,595,3709
"321",2013-06-06,558.5,563.25,555.25,NA,NA,563.5,439,3505
"322",2013-06-05,564,564,556,NA,NA,558.25,417,3285
"323",2013-06-04,559.5,566.25,558.25,NA,NA,565.5,411,3021
"324",2013-06-03,575,577,562.5,NA,NA,570.5,406,2791
"325",2013-05-31,569,575.75,567,NA,NA,572.5,195,2661
"326",2013-05-30,572.5,572.5,566.75,NA,NA,570,114,2623
"327",2013-05-29,563,575,562.25,NA,NA,574.75,258,2554
"328",2013-05-28,556,567,556,NA,NA,564.25,209,2539
"329",2013-05-24,550.25,552.75,545.75,NA,NA,553.5,714,2174
"330",2013-05-23,546,552,543.25,NA,NA,551.75,56,2162
"331",2013-05-22,540,547.5,540,NA,NA,547.25,81,2136
"332",2013-05-21,531,537.75,531,NA,NA,537.25,150,2105
"333",2013-05-20,533,539.25,532,NA,NA,538,79,2067
"334",2013-05-17,540,542.25,534.75,NA,NA,536.75,107,2009
"335",2013-05-16,544.5,544.5,541,NA,NA,540.5,177,1896
"336",2013-05-15,544,549.25,544,NA,NA,547,256,1775
"337",2013-05-14,549.5,552,544.75,NA,NA,547.5,107,1714
"338",2013-05-13,544,550,544,NA,NA,549.5,65,1678
"339",2013-05-10,541.75,541.75,536,NA,NA,539.25,443,1648
"340",2013-05-09,546.5,551.25,540,NA,NA,549.5,167,1583
"341",2013-05-08,551.75,552,541.5,NA,NA,543.25,262,1497
"342",2013-05-07,550,551.75,543.5,NA,NA,551.75,246,1377
"343",2013-05-06,550.75,550.75,544.25,NA,NA,548.75,58,1378
"344",2013-05-03,566,566,560.25,NA,NA,559.5,27,1355
"345",2013-05-02,560,565,556,NA,NA,565.75,18,1360
"346",2013-05-01,555.25,555.25,552.25,NA,NA,557,18,1354
"347",2013-04-30,565,571.75,561.75,NA,NA,562.5,57,1321
"348",2013-04-29,535.25,565,535.25,NA,NA,564.75,492,1271
"349",2013-04-26,533,533,533,NA,NA,532.75,6,1269
"350",2013-04-25,536.75,536.75,534,NA,NA,538,9,1265
"351",2013-04-24,0,0,0,NA,NA,537,12,1264
"352",2013-04-23,537,537,528.5,NA,NA,528.75,70,1238
"353",2013-04-22,542.25,542.25,537.5,NA,NA,536.75,394,1052
"354",2013-04-19,542,548.25,542,NA,NA,547.25,55,1021
"355",2013-04-18,549.75,550,549.75,NA,NA,543.25,29,1010
"356",2013-04-17,547.5,550,546.5,NA,NA,549.25,48,997
"357",2013-04-16,540,543.5,540,NA,NA,542.25,357,803
"358",2013-04-15,550,550,538.5,NA,NA,537,68,776
"359",2013-04-12,0,0,0,NA,NA,549.5,2,776
"360",2013-04-11,549.25,549.25,540.75,NA,NA,545.25,67,756
"361",2013-04-10,544,546.5,538.75,NA,NA,544.25,27,741
"362",2013-04-09,534.75,535,534.5,NA,NA,543.5,60,701
"363",2013-04-08,532.75,532.75,532.75,NA,NA,534.75,2,701
"364",2013-04-05,540,541.25,537,NA,NA,536.5,95,703
"365",2013-04-04,537,537,535.25,NA,NA,539,40,692
"366",2013-04-03,538,538,533.75,NA,NA,538,262,626
"367",2013-04-02,536.75,540,528,NA,NA,533.75,144,612
"368",2013-04-01,537.5,537.5,529,NA,NA,535.75,76,608
"369",2013-03-28,560,561,545,NA,NA,533,64,592
"370",2013-03-27,559.5,562.25,559.25,NA,NA,560.25,15,589
"371",2013-03-26,559,561.5,559,NA,NA,561.25,18,584
"372",2013-03-25,560,563.5,559.75,NA,NA,562.25,25,565
"373",2013-03-22,557.25,557.25,556,NA,NA,556.75,3,563
"374",2013-03-21,558,559.75,558,NA,NA,558.75,35,548
"375",2013-03-20,555,555.25,554,NA,NA,557,70,483
"376",2013-03-19,548,551,548,NA,NA,553.25,33,504
"377",2013-03-18,548,551,548,NA,NA,551.75,12,495
"378",2013-03-15,548.25,549.5,548,NA,NA,550.75,16,483
"379",2013-03-14,549,550,549,NA,NA,549.5,35,452
"380",2013-03-13,544,544.5,542,NA,NA,547.25,16,447
"381",2013-03-12,548,550,548,NA,NA,548.75,49,444
"382",2013-03-11,547,550,546.25,NA,NA,548.5,7,442
"383",2013-03-08,541.5,541.5,541.5,NA,NA,543.75,1,442
"384",2013-03-07,540,540.25,540,NA,NA,538.75,68,399
"385",2013-03-06,542.75,542.75,541.75,NA,NA,539,10,394
"386",2013-03-05,546.25,546.75,544.75,NA,NA,547.25,20,392
"387",2013-03-04,549.5,551.5,546,NA,NA,546.25,25,380
"388",2013-03-01,550,550,549,NA,NA,549.5,24,363
"389",2013-02-28,547.5,550,547.5,NA,NA,551.75,31,344
"390",2013-02-27,549,550.5,546,NA,NA,546.5,42,320
"391",2013-02-26,551,551.25,550,NA,NA,550.5,116,226
"392",2013-02-25,547.75,551,547.75,NA,NA,552,9,221
"393",2013-02-22,552.5,552.5,546.5,NA,NA,544.75,16,223
"394",2013-02-21,550.5,556,550.5,NA,NA,550.5,8,217
"395",2013-02-20,554.5,554.5,552.5,NA,NA,555.5,6,217
"396",2013-02-19,0,0,0,NA,NA,555.25,0,217
"397",2013-02-15,560,560,559.5,NA,NA,560.75,11,212
"398",2013-02-14,559,560,559,NA,NA,558,12,203
"399",2013-02-13,556,559.5,555,NA,NA,558.75,30,194
"400",2013-02-12,555,557,555,NA,NA,557,17,202
"401",2013-02-11,560.5,560.5,555,NA,NA,555,25,205
"402",2013-02-08,0,0,0,NA,NA,563.25,0,205
"403",2013-02-07,0,0,0,NA,NA,567,0,205
"404",2013-02-06,580,582,578,NA,NA,577,28,187
"405",2013-02-05,589,589,589,NA,NA,587.25,1,186
"406",2013-02-04,590.5,590.5,590.5,NA,NA,592,9,183
"407",2013-02-01,591,591,591,NA,NA,591,1,182
"408",2013-01-31,591,591,589,NA,NA,589.5,16,166
"409",2013-01-30,586,586,586,NA,NA,591.75,1,166
"410",2013-01-29,583,583,582,NA,NA,585.25,3,165
"411",2013-01-28,0,582,0,NA,NA,587.75,0,165
"412",2013-01-25,0,0,0,NA,NA,581.75,0,165
"413",2013-01-24,0,0,0,NA,NA,582.75,1,165
"414",2013-01-23,0,0,0,NA,NA,586.75,0,165
"415",2013-01-22,586.75,586.75,586.75,NA,NA,586.5,2,163
"416",2013-01-18,584.5,584.5,584.5,NA,NA,585.75,1,162
"417",2013-01-17,0,0,0,NA,NA,582,2,162
"418",2013-01-16,585,585,585,NA,NA,587.75,3,162
"419",2013-01-15,0,0,0,NA,NA,585,0,162
"420",2013-01-14,574.25,574.25,572.5,NA,NA,580.5,24,164
"421",2013-01-11,574.25,575,574.25,NA,NA,574.25,48,135
"422",2013-01-10,572,574,572,NA,NA,574.5,12,129
"423",2013-01-09,567.5,570.25,567.5,NA,NA,570.25,16,119
"424",2013-01-08,572,572,572,NA,NA,570.25,4,117
"425",2013-01-07,574,574,574,NA,NA,574,7,118
"426",2013-01-04,569,577.25,569,NA,NA,574,33,126
"427",2013-01-03,0,0,0,NA,NA,575.25,0,126
"428",2013-01-02,0,0,0,NA,NA,582,0,126
"429",2012-12-31,0,0,0,NA,NA,589,0,126
"430",2012-12-28,0,0,0,NA,NA,589.5,0,126
"431",2012-12-27,585,585,585,NA,NA,581,4,122
"432",2012-12-26,591,591,591,NA,NA,584,2,122
"433",2012-12-24,591.75,591.75,591.75,NA,NA,591,3,121
"434",2012-12-21,0,0,0,NA,NA,590.5,0,121
"435",2012-12-20,591,591,591,NA,NA,591.75,11,120
"436",2012-12-19,600,600,598,NA,NA,593.75,10,115
"437",2012-12-18,0,0,0,NA,NA,598.25,0,115
"438",2012-12-17,600,600,600,NA,NA,597,16,106
"439",2012-12-14,600,600,600,NA,NA,600,6,103
"440",2012-12-13,600,600,600,NA,NA,597.5,2,101
"441",2012-12-12,0,0,0,NA,NA,591.75,0,101
"442",2012-12-11,605,605,605,NA,NA,593.5,4,101
"443",2012-12-10,602,602,602,NA,NA,601.25,5,96
"444",2012-12-07,0,0,0,NA,NA,602.5,0,96
"445",2012-12-06,0,0,0,NA,NA,608.25,0,96
"446",2012-12-05,610,610,610,NA,NA,610,4,93
"447",2012-12-04,0,0,0,NA,NA,610,0,93
"448",2012-12-03,0,0,0,NA,NA,610,0,93
"449",2012-11-30,0,0,0,NA,NA,606.25,0,93
"450",2012-11-29,606,606,606,NA,NA,606.5,1,93
"451",2012-11-28,0,0,0,NA,NA,610,0,93
"452",2012-11-27,0,0,0,NA,NA,610,0,93
"453",2012-11-26,0,0,0,NA,NA,610,0,93
"454",2012-11-23,0,0,0,NA,NA,610,0,93
"455",2012-11-21,610,610,610,NA,NA,610,2,93
"456",2012-11-20,0,608,0,NA,NA,610,0,93
"457",2012-11-19,0,0,0,NA,NA,607.25,2,92
"458",2012-11-16,595,595,595,NA,NA,596.75,6,90
"459",2012-11-15,0,0,0,NA,NA,595,0,90
"460",2012-11-14,0,0,0,NA,NA,595,0,90
"461",2012-11-13,595,595,595,NA,NA,595,2,90
"462",2012-11-12,0,0,0,NA,NA,591.75,0,90
"463",2012-11-09,0,0,0,NA,NA,599.75,0,90
"464",2012-11-08,0,0,0,NA,NA,605.75,0,90
"465",2012-11-07,0,0,0,NA,NA,610,6,90
"466",2012-11-06,602,605.75,602,NA,NA,606.25,5,86
"467",2012-11-05,0,0,605,NA,NA,600.5,0,86
"468",2012-11-02,0,0,0,NA,NA,605.5,0,86
"469",2012-11-01,0,0,0,NA,NA,609,0,86
"470",2012-10-31,0,0,0,NA,NA,606,0,86
"471",2012-10-30,0,0,0,NA,NA,607.5,3,86
"472",2012-10-29,0,0,0,NA,NA,607,0,86
"473",2012-10-26,0,0,0,NA,NA,604.75,0,86
"474",2012-10-25,0,0,0,NA,NA,603.5,0,86
"475",2012-10-24,610,610,610,NA,NA,608.25,4,82
"476",2012-10-23,0,0,0,NA,NA,607.75,0,82
"477",2012-10-22,610,610,610,NA,NA,607,3,80
"478",2012-10-19,605.5,605.5,605.5,NA,NA,608.5,9,71
"479",2012-10-18,0,0,0,NA,NA,609.75,0,71
"480",2012-10-17,0,0,0,NA,NA,601.5,0,71
"481",2012-10-16,0,0,0,NA,NA,597,0,71
"482",2012-10-15,0,0,0,NA,NA,593.5,0,71
"483",2012-10-12,0,0,0,NA,NA,598.75,0,71
"484",2012-10-11,600,600,600,NA,NA,610,1,70
"485",2012-10-10,0,0,0,NA,NA,599,0,70
"486",2012-10-09,0,0,0,NA,NA,596.5,0,70
"487",2012-10-08,0,0,0,NA,NA,594,0,70
"488",2012-10-05,0,0,0,NA,NA,594.25,0,70
"489",2012-10-04,600,600,600,NA,NA,595.75,1,69
"490",2012-10-03,0,0,600,NA,NA,600,0,69
"491",2012-10-02,0,0,0,NA,NA,604.25,0,69
"492",2012-10-01,615,615,615,NA,NA,604.25,2,69
"493",2012-09-28,611,611,611,NA,NA,603.75,1,70
"494",2012-09-27,0,0,0,NA,NA,581.25,2,71
"495",2012-09-26,610,610,609.25,NA,NA,591,5,73
"496",2012-09-25,0,0,0,NA,NA,610.75,0,73
"497",2012-09-24,0,0,0,NA,NA,610,0,73
"498",2012-09-21,0,610,0,NA,NA,610,0,73
"499",2012-09-20,0,0,0,NA,NA,607.5,2,75
"500",2012-09-19,625,625,625,NA,NA,607.5,7,75
"501",2012-09-18,0,0,0,NA,NA,592.25,0,75
"502",2012-09-17,0,0,0,NA,NA,600.75,0,75
"503",2012-09-14,0,0,0,NA,NA,619.75,0,75
"504",2012-09-13,0,0,0,NA,NA,613.75,0,75
"505",2012-09-12,0,0,0,NA,NA,611.75,0,75
"506",2012-09-11,612.75,612.75,612.25,NA,NA,613.25,5,75
"507",2012-09-10,612.5,612.5,612,NA,NA,615,3,75
"508",2012-09-07,616,616,616,NA,NA,619.75,3,75
"509",2012-09-06,0,0,0,NA,NA,620,0,75
"510",2012-09-05,0,0,0,NA,NA,616.75,0,75
"511",2012-09-04,615,615,615,NA,NA,616.75,2,75
"512",2012-08-31,0,0,0,NA,NA,612.5,0,75
"513",2012-08-30,0,0,0,NA,NA,614,0,75
"514",2012-08-29,0,0,0,NA,NA,615,0,75
"515",2012-08-28,0,0,0,NA,NA,611,0,75
"516",2012-08-27,610,610,610,NA,NA,607.25,2,75
"517",2012-08-24,0,0,0,NA,NA,607.25,0,75
"518",2012-08-23,612,612,611,NA,NA,607.25,2,73
"519",2012-08-22,0,0,0,NA,NA,612,0,73
"520",2012-08-21,605,613.75,605,NA,NA,612,16,64
"521",2012-08-20,0,0,0,NA,NA,605,1,64
"522",2012-08-17,0,0,0,NA,NA,598.25,0,64
"523",2012-08-16,0,0,0,NA,NA,600.75,0,64
"524",2012-08-15,0,0,0,NA,NA,599,0,64
"525",2012-08-14,0,0,0,NA,NA,600.75,0,64
"526",2012-08-13,0,0,0,NA,NA,605,0,64
"527",2012-08-10,600,600,600,NA,NA,612.25,3,61
"528",2012-08-09,0,0,0,NA,NA,610.75,0,61
"529",2012-08-08,0,0,0,NA,NA,609.5,0,61
"530",2012-08-07,0,0,0,NA,NA,606.5,0,61
"531",2012-08-06,0,0,0,NA,NA,607,0,61
"532",2012-08-03,0,0,0,NA,NA,601,0,61
"533",2012-08-02,0,0,0,NA,NA,603.5,0,61
"534",2012-08-01,0,0,0,NA,NA,600,0,61
"535",2012-07-31,0,0,0,NA,NA,608.75,0,61
"536",2012-07-30,0,0,0,NA,NA,606,0,61
"537",2012-07-27,0,0,0,NA,NA,597,0,61
"538",2012-07-26,0,0,0,NA,NA,587.75,0,61
"539",2012-07-25,0,0,0,NA,NA,592,0,61
"540",2012-07-24,0,0,0,NA,NA,587.5,0,61
"541",2012-07-23,0,0,0,NA,NA,588.25,0,61
"542",2012-07-20,0,0,0,NA,NA,582,0,61
"543",2012-07-19,0,0,0,NA,NA,570.5,0,61
"544",2012-07-18,0,0,0,NA,NA,600.75,0,61
"545",2012-07-17,0,0,0,NA,NA,599,0,61
"546",2012-07-16,0,0,0,NA,NA,604.75,0,61
"547",2012-07-13,0,0,0,NA,NA,598,0,61
"548",2012-07-12,0,0,0,NA,NA,596,0,61
"549",2012-07-11,0,0,0,NA,NA,581.5,0,61
"550",2012-07-10,0,0,0,NA,NA,592,0,61
"551",2012-07-09,0,0,0,NA,NA,600.25,0,61
"552",2012-07-06,0,0,0,NA,NA,580.25,5,61
"553",2012-07-05,0,0,0,NA,NA,589.75,8,58
"554",2012-07-03,0,0,0,NA,NA,578.75,5,53
"555",2012-07-02,0,0,0,NA,NA,568.75,0,53
"556",2012-06-29,0,0,0,NA,NA,558.75,0,53
"557",2012-06-28,0,0,0,NA,NA,553,4,51
"558",2012-06-27,0,0,0,NA,NA,558.5,0,51
"559",2012-06-26,0,0,0,NA,NA,554.5,8,49
"560",2012-06-25,0,0,0,NA,NA,548,0,49
"561",2012-06-22,0,534,0,NA,NA,535.5,0,49
"562",2012-06-21,0,0,0,NA,NA,533.5,0,49
"563",2012-06-20,0,0,0,NA,NA,543,0,49
"564",2012-06-19,0,0,0,NA,NA,547,0,49
"565",2012-06-18,0,0,0,NA,NA,527,0,49
"566",2012-06-15,0,0,0,NA,NA,505,0,49
"567",2012-06-14,0,0,0,NA,NA,518.75,0,49
"568",2012-06-13,0,0,0,NA,NA,518.5,0,49
"569",2012-06-12,0,0,0,NA,NA,527.5,0,49
"570",2012-06-11,0,0,0,NA,NA,533.5,0,49
"571",2012-06-08,0,0,0,NA,NA,538,0,49
"572",2012-06-07,0,0,0,NA,NA,535.5,0,49
"573",2012-06-06,0,0,0,NA,NA,526.5,0,49
"574",2012-06-05,0,0,0,NA,NA,513.5,0,49
"575",2012-06-04,0,0,0,NA,NA,522.5,0,49
"576",2012-06-01,0,0,0,NA,NA,511.25,0,49
"577",2012-05-31,0,0,0,NA,NA,517.5,0,49
"578",2012-05-30,0,0,0,NA,NA,521.25,0,49
"579",2012-05-29,0,0,0,NA,NA,516,0,49
"580",2012-05-25,0,0,0,NA,NA,520.75,0,49
"581",2012-05-24,0,0,0,NA,NA,517,0,49
"582",2012-05-23,0,0,0,NA,NA,520.5,0,49
"583",2012-05-22,0,0,0,NA,NA,513.5,0,49
"584",2012-05-21,0,0,0,NA,NA,525.25,0,49
"585",2012-05-18,0,0,0,NA,NA,526.5,0,49
"586",2012-05-17,0,0,0,NA,NA,526,0,49
"587",2012-05-16,0,0,0,NA,NA,524.5,0,49
"588",2012-05-15,0,0,0,NA,NA,514.25,0,49
"589",2012-05-14,0,0,0,NA,NA,512.75,0,49
"590",2012-05-11,509.75,509.75,509,NA,NA,513,2,47
"591",2012-05-10,0,0,0,NA,NA,514.25,0,47
"592",2012-05-09,0,0,0,NA,NA,520.25,0,47
"593",2012-05-08,0,0,0,NA,NA,529.75,0,47
"594",2012-05-07,523,523,523,NA,NA,526.25,2,47
"595",2012-05-04,0,0,0,NA,NA,527.25,0,47
"596",2012-05-03,0,0,0,NA,NA,531.75,0,47
"597",2012-05-02,0,0,532,NA,NA,529.5,0,47
"598",2012-05-01,0,0,0,NA,NA,532.25,0,47
"599",2012-04-30,0,0,0,NA,NA,533.5,0,47
"600",2012-04-27,529.75,529.75,529.75,NA,NA,530.5,1,37
"601",2012-04-26,0,0,0,NA,NA,527.75,0,37
"602",2012-04-25,0,0,0,NA,NA,530,2,36
"603",2012-04-24,0,0,0,NA,NA,531.75,0,36
"604",2012-04-23,0,0,0,NA,NA,535.75,0,36
"605",2012-04-20,0,0,0,NA,NA,527.75,2,35
"606",2012-04-19,0,0,0,NA,NA,534.25,22,24
"607",2012-04-18,0,0,0,NA,NA,524.25,26,15
"608",2012-04-17,526,526,526,NA,NA,527.5,5,14
"609",2012-04-16,0,0,0,NA,NA,527.25,0,14
"610",2012-04-13,0,0,0,NA,NA,536,0,14
"611",2012-04-12,0,0,0,NA,NA,543.25,0,14
"612",2012-04-11,0,0,0,NA,NA,542.25,0,14
"613",2012-04-10,0,0,0,NA,NA,543,0,14
"614",2012-04-09,0,0,0,NA,NA,545.75,0,14
"615",2012-04-05,0,0,0,NA,NA,552.25,0,14
"616",2012-04-04,0,0,0,NA,NA,549.25,0,14
"617",2012-04-03,0,0,0,NA,NA,549,0,14
"618",2012-04-02,0,0,0,NA,NA,545.5,0,14
"619",2012-03-30,0,0,0,NA,NA,537.75,0,14
"620",2012-03-29,0,0,0,NA,NA,519.25,20,13
"621",2012-03-28,0,0,0,NA,NA,526.25,6,10
"622",2012-03-27,0,0,0,NA,NA,539,0,10
"623",2012-03-26,0,0,0,NA,NA,542.75,0,10
"624",2012-03-23,0,0,0,NA,NA,546.75,0,10
"625",2012-03-22,0,0,0,NA,NA,546.75,0,10
"626",2012-03-21,0,0,0,NA,NA,548.5,2,9
"627",2012-03-20,0,0,0,NA,NA,554.25,0,9
"628",2012-03-19,0,0,0,NA,NA,557.5,0,9
"629",2012-03-16,0,0,0,NA,NA,559.25,0,9
"630",2012-03-15,0,0,0,NA,NA,560,0,9
"631",2012-03-14,0,0,0,NA,NA,557.75,0,9
"632",2012-03-13,0,0,0,NA,NA,558,0,9
"633",2012-03-12,558,558,558,NA,NA,558,0,9
"634",2012-03-09,0,0,0,NA,NA,556,0,9
"635",2012-03-08,0,0,0,NA,NA,552,0,9
"636",2012-03-07,0,0,0,NA,NA,555.75,0,9
"637",2012-03-06,0,0,0,NA,NA,554,0,9
"638",2012-03-05,0,0,0,NA,NA,561.5,0,9
"639",2012-03-02,0,0,0,NA,NA,564.5,0,9
"640",2012-03-01,0,0,0,NA,NA,561.25,0,9
"641",2012-02-29,0,0,0,NA,NA,556,0,9
"642",2012-02-28,551,551,551,NA,NA,553,26,5
"643",2012-02-27,0,0,0,NA,NA,552.25,12,0
"644",2012-02-24,0,0,0,NA,NA,553,0,0
"645",2012-02-23,0,0,0,NA,NA,552.25,0,0
"646",2012-02-22,0,0,0,NA,NA,555.5,0,0
"647",2012-02-21,0,0,0,NA,NA,554.25,0,0
"648",2012-02-17,0,0,0,NA,NA,553.5,0,0
"649",2012-02-16,0,0,0,NA,NA,556.25,0,0
"650",2012-02-15,0,0,0,NA,NA,551.25,0,0
"651",2012-02-14,0,0,0,NA,NA,558.25,0,0
"652",2012-02-13,0,0,0,NA,NA,561,0,0
"653",2012-02-10,0,0,0,NA,NA,555.75,0,0
"654",2012-02-09,0,0,0,NA,NA,557.75,0,0
"655",2012-02-08,0,0,0,NA,NA,559.5,0,0
"656",2012-02-07,0,0,0,NA,NA,562.75,0,0
"657",2012-02-06,0,0,0,NA,NA,566,0,0
"658",2012-02-03,0,0,0,NA,NA,568.25,0,0
"659",2012-02-02,0,0,0,NA,NA,566.75,0,0
"660",2012-02-01,0,0,0,NA,NA,570.75,0,0
"661",2012-01-31,0,0,0,NA,NA,563,0,0
"662",2012-01-30,0,0,0,NA,NA,563.75,0,0
"663",2012-01-27,0,0,0,NA,NA,566,0,0
"664",2012-01-26,0,0,0,NA,NA,564,0,0
"665",2012-01-25,0,0,0,NA,NA,559,0,0
"666",2012-01-24,0,0,0,NA,NA,561.5,0,0
"667",2012-01-23,0,0,0,NA,NA,560.25,0,0
"668",2012-01-20,0,0,0,NA,NA,555.75,0,0
"669",2012-01-19,0,0,0,NA,NA,557,0,0
"670",2012-01-18,0,0,0,NA,NA,551.25,0,0
"671",2012-01-17,0,0,0,NA,NA,556.5,0,0
"672",2012-01-13,0,0,0,NA,NA,557.25,0,0
"673",2012-01-12,0,0,0,NA,NA,558.5,0,0
"674",2012-01-11,0,0,0,NA,NA,565.5,0,0
"675",2012-01-10,0,0,0,NA,NA,573.75,0,0
"676",2012-01-09,0,0,0,NA,NA,572.5,0,0
"677",2012-01-06,0,0,0,NA,NA,565.75,0,0
"678",2012-01-05,0,0,0,NA,NA,569.75,0,0
"679",2012-01-04,0,0,0,NA,NA,581.25,0,0
"680",2012-01-03,0,0,0,NA,NA,581,0,0
"681",2011-12-30,0,0,0,NA,NA,575.75,0,0
"682",2011-12-29,0,0,0,NA,NA,578,0,0
"683",2011-12-28,0,0,0,NA,NA,574.5,0,0
"684",2011-12-27,0,0,0,NA,NA,571.5,0,0
"685",2011-12-23,0,0,0,NA,NA,567,0,0
"686",2011-12-22,0,0,0,NA,NA,566.5,0,0
"687",2011-12-21,0,0,0,NA,NA,572,0,0
"688",2011-12-20,0,0,0,NA,NA,570,0,0
"689",2011-12-19,0,0,0,NA,NA,563,0,0
"690",2011-12-16,0,0,0,NA,NA,559.5,0,0
"691",2011-12-15,0,0,0,NA,NA,556,0,0
"692",2011-12-14,0,0,0,NA,NA,555.5,0,0
