"","Date","Open","High","Low","Last","Change","Settle","Volume","Open Interest"
"1",2012-12-14,713.75,718.75,713.75,NA,NA,718.75,904,683
"2",2012-12-13,712.25,712.25,712.25,NA,NA,712.25,2295,2147
"3",2012-12-12,724.75,724.75,719.5,NA,NA,721,2537,2147
"4",2012-12-11,728.5,728.5,720.75,NA,NA,724.25,3638,3912
"5",2012-12-10,721.5,728,721.5,NA,NA,726.75,4288,6093
"6",2012-12-07,742,742,732,NA,NA,732.75,5237,8293
"7",2012-12-06,748.5,748.5,746,NA,NA,747.75,3564,10750
"8",2012-12-05,752.5,753.5,752.5,NA,NA,753.25,8705,12207
"9",2012-12-04,744.75,747,742,NA,NA,746.5,9332,15457
"10",2012-12-03,757,757.25,745,NA,NA,749,12427,18976
"11",2012-11-30,751.5,752.5,742.75,NA,NA,748,45005,22644
"12",2012-11-29,758.75,759,751,NA,NA,751.5,126561,36587
"13",2012-11-28,757,762.75,757,NA,NA,760.25,109494,74880
"14",2012-11-27,749.75,760.25,749.75,NA,NA,760,141156,107356
"15",2012-11-26,748,752.25,746,NA,NA,747.25,132428,158313
"16",2012-11-23,747,748.5,744,NA,NA,745.5,61943,204390
"17",2012-11-21,744.5,744.75,738.5,NA,NA,741,107445,225347
"18",2012-11-20,736.5,747,736,NA,NA,743.25,142316,259809
"19",2012-11-19,732,741,732,NA,NA,738.75,157875,259809
"20",2012-11-16,712.5,729.5,712,NA,NA,727,163952,271117
"21",2012-11-15,724,725.5,720.75,NA,NA,721.25,112862,294710
"22",2012-11-14,724,729,721.5,NA,NA,725.75,149938,307484
"23",2012-11-13,722.5,724.5,710.5,NA,NA,723.5,233549,329208
"24",2012-11-12,729.5,730,713,NA,NA,718,264576,354925
"25",2012-11-09,743.25,754,736,NA,NA,738.75,261362,382832
"26",2012-11-08,743,746.5,740.5,NA,NA,741.25,155635,394166
"27",2012-11-07,736,749.25,735.5,NA,NA,744.25,178412,417411
"28",2012-11-06,738.75,741.25,737,NA,NA,741,117509,438093
"29",2012-11-05,742.5,744.25,733.25,NA,NA,735.5,122875,453547
"30",2012-11-02,743,744.5,737,NA,NA,739.5,176390,467132
"31",2012-11-01,758,761.25,750.5,NA,NA,751,163166,488109
"32",2012-10-31,745,757.5,744.75,NA,NA,755.75,180007,493577
"33",2012-10-30,742.5,743.5,739,NA,NA,741.75,92604,520106
"34",2012-10-29,740.25,741.5,734.25,NA,NA,737,87588,499864
"35",2012-10-26,744.25,744.5,737,NA,NA,737.75,112570,541299
"36",2012-10-25,753,753.25,741,NA,NA,742,148002,541299
"37",2012-10-24,760.5,763.25,752.75,NA,NA,754.5,158336,557376
"38",2012-10-23,753,757,750,NA,NA,756,131401,571846
"39",2012-10-22,764.75,765.25,760.5,NA,NA,761.25,81693,572263
"40",2012-10-19,764.5,769,759.5,NA,NA,761.5,139689,577086
"41",2012-10-18,752,761.75,751.25,NA,NA,760.75,142980,577531
"42",2012-10-17,741.75,746,739,NA,NA,745.5,82264,570901
"43",2012-10-16,743.75,744,735,NA,NA,738.25,108057,573643
"44",2012-10-15,742.75,744.75,735,NA,NA,737.25,124296,573228
"45",2012-10-12,767,767.5,750.75,NA,NA,752.75,150959,583482
"46",2012-10-11,737,776,737,NA,NA,773.25,254338,597208
"47",2012-10-10,739,742.25,733.75,NA,NA,736.75,118120,575921
"48",2012-10-09,748.25,748.5,741.25,NA,NA,742,95426,580112
"49",2012-10-08,743,747,740.5,NA,NA,742,94260,589083
"50",2012-10-05,752.5,753.75,746,NA,NA,748,109691,596124
"51",2012-10-04,764.75,764.75,755.5,NA,NA,757,119215,603507
"52",2012-10-03,753,763.5,751,NA,NA,756.75,173885,612587
"53",2012-10-02,753.5,759.5,752.5,NA,NA,758.25,134586,616759
"54",2012-10-01,763.5,763.5,751.5,NA,NA,756.75,171593,624495
"55",2012-09-28,712.5,756.25,710,NA,NA,756.25,221629,631901
"56",2012-09-27,718.25,721,711.5,NA,NA,716.25,165564,625286
"57",2012-09-26,731.5,732.25,723,NA,NA,724.75,167685,624558
"58",2012-09-25,745.5,746,739.5,NA,NA,743.75,89941,633136
"59",2012-09-24,743,745.75,736.75,NA,NA,744.75,120427,634442
"60",2012-09-21,752,752.5,745,NA,NA,748.25,128709,640943
"61",2012-09-20,747.25,754.75,739.5,NA,NA,746,159881,648157
"62",2012-09-19,746.5,758.25,743.75,NA,NA,756.5,143517,653510
"63",2012-09-18,750,753.5,739,NA,NA,740,173449,654773
"64",2012-09-17,763.5,765,747,NA,NA,748,161980,666825
"65",2012-09-14,784,789,778,NA,NA,782,142441,675659
"66",2012-09-13,770.5,775,769,NA,NA,773.75,108702,680137
"67",2012-09-12,774.5,776,760,NA,NA,769.5,242011,682776
"68",2012-09-11,785.5,787,776,NA,NA,777.75,148569,683931
"69",2012-09-10,802,803,782.25,NA,NA,783.25,180925,697483
"70",2012-09-07,794,804,788.5,NA,NA,799.5,108864,700790
"71",2012-09-06,795,801.5,788.25,NA,NA,798.5,127404,700842
"72",2012-09-05,798,798.25,789.75,NA,NA,790.75,132816,706511
"73",2012-09-04,806.75,814.75,797.5,NA,NA,805,150977,713347
"74",2012-08-31,806.5,806.75,794,NA,NA,799.75,133888,711244
"75",2012-08-30,811.5,817.5,808,NA,NA,808.5,139549,718336
"76",2012-08-29,799,815,798,NA,NA,813.5,174135,718336
"77",2012-08-28,798.5,803.5,794.75,NA,NA,795.5,138158,720134
"78",2012-08-27,808.5,810,800.25,NA,NA,800.75,124158,715904
"79",2012-08-24,820.5,820.5,806,NA,NA,808.5,122302,715550
"80",2012-08-23,830.75,831,812.5,NA,NA,814.75,180282,702421
"81",2012-08-22,838.75,839.5,828.5,NA,NA,834.75,134748,709265
"82",2012-08-21,837.25,840,832.5,NA,NA,838.75,160333,702542
"83",2012-08-20,811.5,825,810.5,NA,NA,823.75,150036,692070
"84",2012-08-17,810.75,813,805.75,NA,NA,807.25,107186,680630
"85",2012-08-16,805.5,810.75,803.5,NA,NA,807.5,117840,678060
"86",2012-08-15,795.25,805.75,795,NA,NA,804,140973,667489
"87",2012-08-14,792.5,795,786.5,NA,NA,789,111746,653575
"88",2012-08-13,792,802.75,791.5,NA,NA,792.25,198528,653368
"89",2012-08-10,830.5,834,807.5,NA,NA,809.25,269960,644594
"90",2012-08-09,829.5,829.75,822,NA,NA,823.75,185752,605745
"91",2012-08-08,798.25,817.25,796.5,NA,NA,816.5,178563,585247
"92",2012-08-07,806.75,807.5,796,NA,NA,800.5,135150,567396
"93",2012-08-06,798.5,809.75,795,NA,NA,805,117024,555943
"94",2012-08-03,805,816.75,804,NA,NA,807.5,136318,552035
"95",2012-08-02,792,804.25,786.25,NA,NA,795.75,153842,547048
"96",2012-08-01,795.25,804.5,783,NA,NA,800.5,193067,544439
"97",2012-07-31,811.5,812.5,802,NA,NA,805.25,143693,541470
"98",2012-07-30,811.5,817.5,810.5,NA,NA,814,144658,537103
"99",2012-07-27,789.25,795,787.5,NA,NA,793.25,130431,531282
"100",2012-07-26,784.5,788.5,771,NA,NA,776.25,147348,535502
"101",2012-07-25,792.5,793,785.75,NA,NA,788,161621,535369
"102",2012-07-24,760,778.25,745.5,NA,NA,778.25,217347,531884
"103",2012-07-23,779,795.5,772.75,NA,NA,785.5,179923,526356
"104",2012-07-20,789,796.5,782,NA,NA,795.75,190696,520014
"105",2012-07-19,793.5,794,777,NA,NA,778.5,218210,511102
"106",2012-07-18,771.75,784.75,763,NA,NA,784.25,191187,502860
"107",2012-07-17,776.75,784,765,NA,NA,771.25,194624,499807
"108",2012-07-16,777.75,778.5,764,NA,NA,772.5,205680,494734
"109",2012-07-13,747.5,747.5,729,NA,NA,740.25,191081,486240
"110",2012-07-12,718.75,739.25,718.75,NA,NA,732.25,190536,483194
"111",2012-07-11,726,746,685.5,NA,NA,704,338088,476020
"112",2012-07-10,717,725.5,715.5,NA,NA,717.5,174636,463410
"113",2012-07-09,733,733,724.25,NA,NA,730,187893,462044
"114",2012-07-06,692.75,700.5,690.75,NA,NA,693,141777,448047
"115",2012-07-05,689,712.5,689,NA,NA,708.5,235171,450226
"116",2012-07-03,669,676,668,NA,NA,674.5,157535,443390
"117",2012-07-02,656.5,658,650.75,NA,NA,655.75,176853,429196
"118",2012-06-29,639,654.5,631.5,NA,NA,634.75,222509,429196
"119",2012-06-28,642.5,648.75,630,NA,NA,632.25,201662,424139
"120",2012-06-27,649,649.5,630.25,NA,NA,633,271767,430610
"121",2012-06-26,623.25,624,606,NA,NA,624,262918,421725
"122",2012-06-25,592.5,594,589,NA,NA,594,145586,420013
"123",2012-06-22,565.75,567.5,553.5,NA,NA,554,125550,418488
"124",2012-06-21,565.25,568,548.25,NA,NA,550,151993,412790
"125",2012-06-20,554.5,567.5,552.5,NA,NA,566.5,130275,412124
"126",2012-06-19,554,564,552.75,NA,NA,563.5,185539,403888
"127",2012-06-18,520.25,538.5,520.25,NA,NA,534,142977,396532
"128",2012-06-15,520,520,506,NA,NA,506,89700,394745
"129",2012-06-14,518,518.5,514,NA,NA,516,92356,390353
"130",2012-06-13,514.75,516.25,510.5,NA,NA,510.5,109241,390100
"131",2012-06-12,526.25,526.5,517.75,NA,NA,522.5,115094,379672
"132",2012-06-11,537,538,531.5,NA,NA,534,82870,382847
"133",2012-06-08,538.25,544.25,538.25,NA,NA,544,94835,382577
"134",2012-06-07,528,537.5,527,NA,NA,536.5,176258,381092
"135",2012-06-06,517,520,515,NA,NA,519.5,73431,383621
"136",2012-06-05,522.5,522.5,507.75,NA,NA,507.75,104884,377732
"137",2012-06-04,521,523.75,519.5,NA,NA,523.75,52522,371134
"138",2012-06-01,525.25,527,510,NA,NA,510,86944,367610
"139",2012-05-31,520.25,524,519.25,NA,NA,522,90675,374769
"140",2012-05-30,514.75,520.75,514.75,NA,NA,520.5,68940,371562
"141",2012-05-29,514.5,517.5,510.5,NA,NA,517.5,75555,374036
"142",2012-05-25,520.5,522.5,519.25,NA,NA,521.5,64106,374800
"143",2012-05-24,527.5,527.5,512,NA,NA,515,83428,381498
"144",2012-05-23,517,526,516,NA,NA,523,65766,381498
"145",2012-05-22,535.25,536.5,520,NA,NA,522,99098,378842
"146",2012-05-21,543.25,548.25,538.5,NA,NA,540.5,73049,382074
"147",2012-05-18,532.5,542,532.5,NA,NA,537,146174,377538
"148",2012-05-17,524.5,530.5,524.5,NA,NA,528.25,130256,384613
"149",2012-05-16,513.5,527,512.75,NA,NA,526.25,134235,382072
"150",2012-05-15,510.5,516,510,NA,NA,514.5,58644,379104
"151",2012-05-14,506,512.5,503.25,NA,NA,505.5,133066,382873
"152",2012-05-11,506,510.5,502,NA,NA,505.25,78578,388633
"153",2012-05-10,507.5,512,505.75,NA,NA,507.25,101651,388183
"154",2012-05-09,522.5,523,516,NA,NA,516.75,65649,384051
"155",2012-05-08,525.75,528.5,522.75,NA,NA,528,80868,380585
"156",2012-05-07,519,526.5,516.75,NA,NA,524.75,52325,376845
"157",2012-05-04,525,529,520,NA,NA,524.25,69310,371440
"158",2012-05-03,530.5,530.5,525,NA,NA,529.5,47584,369546
"159",2012-05-02,536,537.5,530.25,NA,NA,531,63143,367852
"160",2012-05-01,538,540,534,NA,NA,538.75,56936,370367
"161",2012-04-30,537.5,544.5,535.75,NA,NA,543.25,49658,369639
"162",2012-04-27,539,544.25,535,NA,NA,538.75,71206,369106
"163",2012-04-26,540,540,533,NA,NA,535,56997,372683
"164",2012-04-25,545,545,536,NA,NA,538,45558,370230
"165",2012-04-24,547,549,540,NA,NA,541.5,66963,369359
"166",2012-04-23,536,545.5,536,NA,NA,545.5,49023,371629
"167",2012-04-20,542,543.5,534.5,NA,NA,536.75,58258,369573
"168",2012-04-19,539.25,542,519,NA,NA,541.75,93206,370978
"169",2012-04-18,531.5,532,526.5,NA,NA,528.75,68222,364398
"170",2012-04-17,527.5,529.75,527.25,NA,NA,529.75,47250,361967
"171",2012-04-16,527.5,530,525.25,NA,NA,526.25,42245,356740
"172",2012-04-13,543,546.25,532.5,NA,NA,537,35131,354621
"173",2012-04-12,548.25,548.25,546,NA,NA,546.75,40869,352247
"174",2012-04-11,544.75,546.75,542,NA,NA,546.75,45292,350087
"175",2012-04-10,547,550.75,543,NA,NA,543.5,61384,344215
"176",2012-04-09,551,551.25,546,NA,NA,550.25,44667,338473
"177",2012-04-05,543,550.25,543,NA,NA,550.25,3144,336948
"178",2012-04-04,541.5,544.25,540.5,NA,NA,544.25,42033,326664
"179",2012-04-03,544.25,548,544.25,NA,NA,545.5,43002,326664
"180",2012-04-02,541.5,546,536.75,NA,NA,545,61037,322500
"181",2012-03-30,531.5,542,531,NA,NA,540.25,105557,322096
"182",2012-03-29,535.5,536.5,522,NA,NA,524.25,118396,316745
"183",2012-03-28,549.5,550,535,NA,NA,536.25,61582,316778
"184",2012-03-27,554.25,554.25,549.5,NA,NA,550.25,42144,319360
"185",2012-03-26,555.5,561.5,553,NA,NA,553.25,40620,318527
"186",2012-03-23,559.75,560.5,555,NA,NA,557.5,24729,319127
"187",2012-03-22,552.25,556.25,551,NA,NA,555.75,32518,315732
"188",2012-03-21,561,562.25,555,NA,NA,556,31435,314344
"189",2012-03-20,564.5,564.5,558.5,NA,NA,560.25,43190,313226
"190",2012-03-19,570.5,573.75,569,NA,NA,570.25,28360,311004
"191",2012-03-16,569.5,575,569.5,NA,NA,574.25,31822,309792
"192",2012-03-15,566.5,572.25,566.5,NA,NA,572.25,41598,307662
"193",2012-03-14,565.25,566,561,NA,NA,564,38941,304878
"194",2012-03-13,568.5,568.5,563.5,NA,NA,567.5,41135,302038
"195",2012-03-12,558.25,568.5,558.25,NA,NA,568.5,32772,295692
"196",2012-03-09,554.25,567.25,553,NA,NA,562.5,51733,292361
"197",2012-03-08,562,562,553.5,NA,NA,557.25,36442,289043
"198",2012-03-07,562.5,563.5,554,NA,NA,558,40663,283766
"199",2012-03-06,560,565.5,560,NA,NA,563.5,31607,277191
"200",2012-03-05,572.5,574,569.25,NA,NA,571.25,71573,278198
"201",2012-03-02,566.5,570,565,NA,NA,570,62481,275292
"202",2012-03-01,565,569,565,NA,NA,566.75,28327,273225
"203",2012-02-29,564.5,569.5,564.5,NA,NA,568.5,37097,271305
"204",2012-02-28,557.5,563.5,557.25,NA,NA,563.5,34543,269342
"205",2012-02-27,554.25,558,554.25,NA,NA,557,34154,270173
"206",2012-02-24,554,558,550,NA,NA,558,39632,269726
"207",2012-02-23,562.5,563,555.5,NA,NA,558.75,38665,269587
"208",2012-02-22,562.25,565.5,562.25,NA,NA,564.5,32395,266160
"209",2012-02-21,564.5,565,560,NA,NA,563.75,28850,263746
"210",2012-02-17,569.75,573,566.75,NA,NA,568.25,22133,260874
"211",2012-02-16,561.5,568.25,561.5,NA,NA,568,23510,257538
"212",2012-02-15,566.5,566.5,558,NA,NA,559.75,25517,257538
"213",2012-02-14,565.25,566.75,561.75,NA,NA,564.25,24631,258793
"214",2012-02-13,563,568,563,NA,NA,567,27180,255947
"215",2012-02-10,564.5,568,559,NA,NA,559.75,27032,254266
"216",2012-02-09,569,577,566,NA,NA,568,41101,251907
"217",2012-02-08,576,576,565.25,NA,NA,573.5,34843,244756
"218",2012-02-07,576,576.75,573,NA,NA,575.25,25699,242853
"219",2012-02-06,579.75,581.25,576.5,NA,NA,581.25,14801,241705
"220",2012-02-03,577.5,581.5,575,NA,NA,581.5,22488,238966
"221",2012-02-02,571.5,579,571.5,NA,NA,579,28944,234364
"222",2012-02-01,573.5,576.75,570,NA,NA,576.75,34750,227447
"223",2012-01-31,571,571,566.5,NA,NA,569.5,25977,223524
"224",2012-01-30,567,567,562.75,NA,NA,564.75,22753,220801
"225",2012-01-27,569,571.5,565,NA,NA,571,24261,218146
"226",2012-01-26,569,571.75,565.5,NA,NA,566,38926,214672
"227",2012-01-25,560,565,560,NA,NA,563,23139,212443
"228",2012-01-24,551,562.75,551,NA,NA,562.5,34881,210003
"229",2012-01-23,555.5,556.5,550,NA,NA,556.25,27113,209556
"230",2012-01-20,553.5,553.75,550,NA,NA,551.75,25823,208248
"231",2012-01-19,552,557,552,NA,NA,557,18368,207589
"232",2012-01-18,556,556,548.25,NA,NA,548.75,21001,208427
"233",2012-01-17,560.75,560.75,557.5,NA,NA,557.5,24516,206555
"234",2012-01-13,561.25,563.5,553.75,NA,NA,555.25,38880,206354
"235",2012-01-12,557,562.5,556,NA,NA,561,96008,198988
"236",2012-01-11,583.5,585,581,NA,NA,582.5,24897,198988
"237",2012-01-10,584.75,587.25,584.75,NA,NA,586.5,19654,195650
"238",2012-01-09,582.75,586,582.75,NA,NA,583.5,23812,195162
"239",2012-01-06,581,582,575.25,NA,NA,575.25,16070,192868
"240",2012-01-05,586,586,577,NA,NA,579.5,22152,191646
"241",2012-01-04,586.5,589.75,586.5,NA,NA,589.75,23596,189947
"242",2012-01-03,583.5,595.5,583.5,NA,NA,590,27398,190146
"243",2011-12-30,585.25,587.5,585.25,NA,NA,586.25,16507,189203
"244",2011-12-29,581.5,582,578.25,NA,NA,582,13856,189628
"245",2011-12-28,579,586,579,NA,NA,583.5,15650,189628
"246",2011-12-27,572.5,579.5,572.5,NA,NA,577.25,13600,190401
"247",2011-12-23,569.5,570,569,NA,NA,569,5197,190989
"248",2011-12-22,569.5,573,566.25,NA,NA,566.5,17020,192022
"249",2011-12-21,561,571.25,561,NA,NA,570.75,21417,192022
"250",2011-12-20,554,564.5,554,NA,NA,563.5,13302,190300
"251",2011-12-19,554.75,560,554.5,NA,NA,559,16383,190003
"252",2011-12-16,544,549.75,544,NA,NA,548,13645,190066
"253",2011-12-15,540.5,543.25,540,NA,NA,543.25,18178,191041
"254",2011-12-14,546.5,548,539,NA,NA,540.5,14934,187298
"255",2011-12-13,552,554.75,550,NA,NA,554.75,13613,185886
"256",2011-12-12,545.25,552.5,545.25,NA,NA,548,11778,185876
"257",2011-12-09,556,556.25,551,NA,NA,551.75,17336,184059
"258",2011-12-08,546.5,561,546.5,NA,NA,561,16966,185292
"259",2011-12-07,552.25,552.25,547,NA,NA,551,11773,183958
"260",2011-12-06,546,556,546,NA,NA,556,14314,182600
"261",2011-12-05,559.5,559.5,552,NA,NA,553.75,12681,180876
"262",2011-12-02,555.5,559.5,553,NA,NA,553.25,18725,178698
"263",2011-12-01,552,554.25,552,NA,NA,554.25,18140,177101
"264",2011-11-30,558.75,558.75,550,NA,NA,552,13518,175489
"265",2011-11-29,549.75,550,549.75,NA,NA,550,12390,175249
"266",2011-11-28,547,547,542.25,NA,NA,545.5,12431,175412
"267",2011-11-25,540.25,545,535.5,NA,NA,535.5,10233,174025
"268",2011-11-23,540.5,544.5,539.75,NA,NA,542.25,15724,171250
"269",2011-11-22,550.75,550.75,547,NA,NA,549,12632,168998
"270",2011-11-21,551.75,551.75,547.5,NA,NA,550,15465,166189
"271",2011-11-18,560.75,561.25,556,NA,NA,559,18691,164061
"272",2011-11-17,569.75,569.75,559.25,NA,NA,560.25,24038,164764
"273",2011-11-16,577.75,581.25,577.75,NA,NA,581.25,12254,162309
"274",2011-11-15,574.25,583.5,574.25,NA,NA,583.5,13841,162352
"275",2011-11-14,573,573.5,571.5,NA,NA,573,10468,162086
"276",2011-11-11,584,584,569,NA,NA,574,17906,160666
"277",2011-11-10,597.75,597.75,582,NA,NA,582.5,21061,161198
"278",2011-11-09,601,606,594,NA,NA,596.5,27587,163071
"279",2011-11-08,612.5,615,612,NA,NA,614.25,28975,158671
"280",2011-11-07,611.5,612,609.5,NA,NA,612,27671,152788
"281",2011-11-04,606.75,612.75,605,NA,NA,612.75,21407,147174
"282",2011-11-03,607,613,607,NA,NA,611.25,23301,143169
"283",2011-11-02,608,608,601.5,NA,NA,605.5,22980,137164
"284",2011-11-01,595.5,607,595.5,NA,NA,607,14771,133062
"285",2011-10-31,608.5,608.5,605.5,NA,NA,607.5,10125,131577
"286",2011-10-28,606,616,606,NA,NA,616,12597,129968
"287",2011-10-27,606.5,613.25,603,NA,NA,613.25,13746,129243
"288",2011-10-26,605.25,605.25,596.5,NA,NA,600.5,10559,127231
"289",2011-10-25,604.5,608.5,604.5,NA,NA,608.5,9812,126003
"290",2011-10-24,609.75,609.75,603,NA,NA,605.5,8369,123353
"291",2011-10-21,608.25,608.25,603.25,NA,NA,603.25,13947,120850
"292",2011-10-20,594,600.25,593.5,NA,NA,600.25,7311,118535
"293",2011-10-19,599.25,599.75,593,NA,NA,593.5,10425,118206
"294",2011-10-18,598.75,598.75,598.75,NA,NA,598.75,10713,117496
"295",2011-10-17,598.5,605,598.5,NA,NA,603.25,7758,116013
"296",2011-10-14,604,604,600,NA,NA,601.5,19333,114989
"297",2011-10-13,592,594.75,588,NA,NA,594.75,12159,113846
"298",2011-10-12,596.75,597,586.5,NA,NA,596.25,18387,112112
"299",2011-10-11,574,603,574,NA,NA,600.75,32365,109271
"300",2011-10-10,571.5,572.25,571.5,NA,NA,572.25,10564,109003
"301",2011-10-07,570,570,568,NA,NA,568,2977,109655
"302",2011-10-06,578,579.75,575,NA,NA,575,6910,109018
"303",2011-10-05,565.75,573.5,565.75,NA,NA,573.25,10429,108792
"304",2011-10-04,555,561,552.75,NA,NA,560.75,14395,108290
"305",2011-10-03,558.75,564.25,558,NA,NA,562.5,18358,109452
"306",2011-09-30,568,568,560.5,NA,NA,565.75,27649,110448
"307",2011-09-29,587.25,587.25,580.25,NA,NA,583.5,7062,108728
"308",2011-09-28,596.25,596.5,581.25,NA,NA,581.25,10365,107065
"309",2011-09-27,605,605,598.5,NA,NA,600.25,10914,105991
"310",2011-09-26,583.75,593,583.75,NA,NA,589.5,7332,105860
"311",2011-09-23,589.25,589.25,578.5,NA,NA,578.5,10242,106211
"312",2011-09-22,602.25,609,589.5,NA,NA,589.5,10316,105913
"313",2011-09-21,625.75,625.75,620.25,NA,NA,620.25,6383,105583
"314",2011-09-20,624,624.5,619.75,NA,NA,619.75,6021,105135
"315",2011-09-19,620,621.5,617.75,NA,NA,617.75,8599,104293
"316",2011-09-16,634.25,636,626,NA,NA,626,6159,103004
"317",2011-09-15,649,649,632,NA,NA,632,9344,102944
"318",2011-09-14,644,651.75,644,NA,NA,651.75,6251,102203
"319",2011-09-13,658.5,658.5,642,NA,NA,642,7783,101821
"320",2011-09-12,654.5,664,654,NA,NA,663,9433,101243
"321",2011-09-09,655.75,659.25,653.75,NA,NA,656.5,7490,102339
"322",2011-09-08,660,661.75,653.5,NA,NA,659,9036,102681
"323",2011-09-07,666.25,666.25,660.5,NA,NA,663.75,8680,100992
"324",2011-09-06,652,665.75,650.75,NA,NA,665.75,7156,100275
"325",2011-09-02,652.5,660,650,NA,NA,659,10357,99613
"326",2011-09-01,665.5,667.25,646.75,NA,NA,646.75,8136,93988
"327",2011-08-31,664,669.5,664,NA,NA,665,8136,93988
"328",2011-08-30,662,669,662,NA,NA,667.25,5995,92520
"329",2011-08-29,664.5,666.5,661.25,NA,NA,666.5,6496,92209
"330",2011-08-26,653.75,665.5,651.5,NA,NA,665.5,9750,90400
"331",2011-08-25,648.25,655.5,648.25,NA,NA,655,4836,89005
"332",2011-08-24,656.5,658.5,654.75,NA,NA,654.75,5942,88381
"333",2011-08-23,653.5,659.5,653.5,NA,NA,659.5,5825,87557
"334",2011-08-22,653,655.5,650,NA,NA,655.5,5474,86616
"335",2011-08-19,647,647,646.75,NA,NA,646.75,3762,85457
"336",2011-08-18,638.5,643,638,NA,NA,640,2833,84510
"337",2011-08-17,649.5,653,649.25,NA,NA,650.5,6085,83566
"338",2011-08-16,640,650.25,640,NA,NA,650.25,3672,81339
"339",2011-08-15,649,649,643.25,NA,NA,644.75,2957,80703
"340",2011-08-12,639.5,645.5,637.75,NA,NA,642.5,4603,80522
"341",2011-08-11,643,643,635.25,NA,NA,638,10183,80368
"342",2011-08-10,618,618,618,NA,NA,618,4679,79761
"343",2011-08-09,626.5,627.5,621,NA,NA,621,5249,79081
"344",2011-08-08,627,627,623,NA,NA,623,4473,79106
"345",2011-08-05,642,642,642,NA,NA,642,5454,78217
"346",2011-08-04,637,640.5,632,NA,NA,640.5,5918,77550
"347",2011-08-03,641.5,650.5,641.5,NA,NA,650.5,4657,77007
"348",2011-08-02,634.25,650.75,634.25,NA,NA,650.75,6500,76223
"349",2011-08-01,631,637.75,630.25,NA,NA,637.75,4567,75538
"350",2011-07-29,627.5,627.5,622,NA,NA,626.25,5300,74329
"351",2011-07-28,637.75,638,634.75,NA,NA,637.25,4440,73179
"352",2011-07-27,623.5,641.25,623.5,NA,NA,641,4595,72063
"353",2011-07-26,631.25,632.25,631.25,NA,NA,632.25,3658,70659
"354",2011-07-25,616.75,622,611,NA,NA,620.75,2543,70410
"355",2011-07-22,621,621.5,621,NA,NA,621.5,2745,70038
"356",2011-07-21,612,613.25,611,NA,NA,613,5422,69619
"357",2011-07-20,620.75,621,610,NA,NA,611.75,6264,68672
"358",2011-07-19,639.5,639.5,619.5,NA,NA,620.5,8315,70161
"359",2011-07-18,609,625.25,609,NA,NA,625.25,5148,69872
"360",2011-07-15,632.25,637.5,623.25,NA,NA,625.25,8238,70715
"361",2011-07-14,636.25,636.25,624,NA,NA,626.5,5747,73623
"362",2011-07-13,638.5,642.25,637.75,NA,NA,638.25,10789,74035
"363",2011-07-12,617.5,629,617.5,NA,NA,628,5576,71085
"364",2011-07-11,606,613.25,606,NA,NA,611.75,2816,71153
"365",2011-07-08,604,615,604,NA,NA,614,3700,71030
"366",2011-07-07,602,602,601.75,NA,NA,601.75,4338,71122
"367",2011-07-06,605,605,601.5,NA,NA,601.5,3422,71893
"368",2011-07-05,593.25,602.5,593.25,NA,NA,601.75,4770,71727
"369",2011-07-01,581.75,592.25,578.5,NA,NA,589.5,13467,71511
"370",2011-06-30,587,587,587,NA,NA,587,4968,69598
"371",2011-06-29,624.5,625,614,NA,NA,617,4968,69598
"372",2011-06-28,599.5,611,599.5,NA,NA,611,3085,67835
"373",2011-06-27,588,588,585.25,NA,NA,585.25,2400,67878
"374",2011-06-24,608,608,591,NA,NA,591,2543,67710
"375",2011-06-23,586.5,607,586.5,NA,NA,599,3972,67746
"376",2011-06-22,603.5,603.5,603.25,NA,NA,603.25,6041,66820
"377",2011-06-21,618.5,628,618.5,NA,NA,628,3658,65938
"378",2011-06-20,602.5,609,602.5,NA,NA,609,4735,66287
"379",2011-06-17,603,606,597.5,NA,NA,600,5093,65871
"380",2011-06-16,599,602,594,NA,NA,595.5,3583,65805
"381",2011-06-15,620,624,603.5,NA,NA,605.5,5045,66054
"382",2011-06-14,621.25,623,615.5,NA,NA,622,2768,65762
"383",2011-06-13,634,640.75,633.25,NA,NA,640.75,7543,65099
"384",2011-06-10,636,643,632,NA,NA,643,6567,60949
"385",2011-06-09,639.5,645,632.75,NA,NA,645,6715,58595
"386",2011-06-08,627.25,627.25,627.25,NA,NA,627.25,3650,56585
"387",2011-06-07,608.5,612.5,605.5,NA,NA,612.5,3388,55319
"388",2011-06-06,601.5,607,601.5,NA,NA,605,6679,54161
"389",2011-06-03,612.5,612.5,610.5,NA,NA,612.25,4141,51767
"390",2011-06-02,610,615.5,608.5,NA,NA,615.5,1958,52099
"391",2011-06-01,594,603.5,593.5,NA,NA,603.5,7460,51984
"392",2011-05-31,597.25,597.25,597.25,NA,NA,597.25,3281,54132
"393",2011-05-27,599.5,606,599.5,NA,NA,606,3180,53031
"394",2011-05-26,606,606,602.25,NA,NA,602.25,6486,52299
"395",2011-05-25,600,602.75,600,NA,NA,602.75,6486,52299
"396",2011-05-24,593,593.5,593,NA,NA,593.5,2483,49855
"397",2011-05-23,596,600.5,596,NA,NA,600.5,2084,49528
"398",2011-05-20,592.75,595.5,592.75,NA,NA,595.5,1169,49498
"399",2011-05-19,591,591,591,NA,NA,591,2575,49362
"400",2011-05-18,597.5,600,592.5,NA,NA,596.75,2797,49506
"401",2011-05-17,585.75,585.75,585.75,NA,NA,585.75,3329,49295
"402",2011-05-16,573.5,573.5,573.5,NA,NA,573.5,1806,50105
"403",2011-05-13,574,574,574,NA,NA,574,2688,50001
"404",2011-05-12,566.75,574.5,566.75,NA,NA,574.5,3906,49682
"405",2011-05-11,568,568,567,NA,NA,567,3569,48821
"406",2011-05-10,594.5,594.5,590.75,NA,NA,590.75,1415,47718
"407",2011-05-09,592.5,592.5,592.5,NA,NA,592.5,1645,47609
"408",2011-05-06,593,593,573,NA,NA,573.25,2686,47816
"409",2011-05-05,585,590.5,582,NA,NA,588.75,3034,47718
"410",2011-05-04,593.25,596.25,593.25,NA,NA,596.25,3333,47276
"411",2011-05-03,594.5,594.5,589,NA,NA,592.25,4462,46773
"412",2011-05-02,592,597,589,NA,NA,595.75,1906,44494
"413",2011-04-29,575.5,595,575.5,NA,NA,594.5,2735,44114
"414",2011-04-28,583.5,583.5,569,NA,NA,569,2484,44957
"415",2011-04-27,591,591.75,591,NA,NA,591.75,1811,44480
"416",2011-04-26,600,600,598.75,NA,NA,598.75,1611,44545
"417",2011-04-25,599,604.25,599,NA,NA,604,1897,44864
"418",2011-04-21,590.25,595.5,590.25,NA,NA,595.5,1471,44777
"419",2011-04-20,600,601,582.5,NA,NA,582.5,2187,44521
"420",2011-04-19,598.5,598.5,596,NA,NA,596,2187,44521
"421",2011-04-18,593.75,593.75,593.75,NA,NA,593.75,1236,44335
"422",2011-04-15,584.75,585.5,584,NA,NA,585.5,1608,44308
"423",2011-04-14,584.5,590.5,584.5,NA,NA,590.5,1773,44932
"424",2011-04-13,587,587,586.5,NA,NA,586.5,1239,45087
"425",2011-04-12,586,586,576,NA,NA,580.5,1956,45417
"426",2011-04-11,594.25,594.25,594.25,NA,NA,594.25,897,45374
"427",2011-04-08,583,591,583,NA,NA,591,1727,45426
"428",2011-04-07,575,577.25,575,NA,NA,577.25,1054,44847
"429",2011-04-06,576.25,578.5,576,NA,NA,578.5,585,44912
"430",2011-04-05,567.5,574.75,567.5,NA,NA,574.75,1573,44905
"431",2011-04-04,574,574.25,569.5,NA,NA,574.25,1536,45085
"432",2011-04-01,574,574,569.5,NA,NA,570,3013,45039
"433",2011-03-31,568.5,578.5,568.5,NA,NA,577.5,14499,44577
"434",2011-03-30,554.75,554.75,551.25,NA,NA,551.25,1110,42363
"435",2011-03-29,554.75,558.25,554.5,NA,NA,558.25,947,42126
"436",2011-03-28,557.5,557.5,549.75,NA,NA,549.75,1639,41887
"437",2011-03-25,564,564,561.5,NA,NA,561.5,1136,41718
"438",2011-03-24,567.25,568.75,567.25,NA,NA,568.75,1023,41283
"439",2011-03-23,562.5,562.5,559.75,NA,NA,559.75,1119,41080
"440",2011-03-22,554.5,562.75,554.5,NA,NA,562.75,866,41199
"441",2011-03-21,548.5,560.5,548.5,NA,NA,560.5,1028,40996
"442",2011-03-18,551.5,558.5,547,NA,NA,548.5,4192,41140
"443",2011-03-17,541.5,541.5,541.5,NA,NA,541.5,3553,39876
"444",2011-03-16,521,523,512,NA,NA,512.25,1667,39859
"445",2011-03-15,521,523,509,NA,NA,509,2385,39807
"446",2011-03-14,520,535,520,NA,NA,535,1796,40007
"447",2011-03-11,535,535,529.75,NA,NA,529.75,2853,39510
"448",2011-03-10,535,540.5,528.25,NA,NA,528.25,1466,37866
"449",2011-03-09,544.75,547.5,544.75,NA,NA,547.5,966,37439
"450",2011-03-08,543,550,543,NA,NA,547,1678,37120
"451",2011-03-07,540,544.5,540,NA,NA,544.5,1301,36829
"452",2011-03-04,536,539.5,534,NA,NA,539.5,1819,36787
"453",2011-03-03,533,536.75,532.5,NA,NA,536.75,2674,36158
"454",2011-03-02,520.5,520.5,520.5,NA,NA,520.5,1672,35965
"455",2011-03-01,515.25,515.25,515.25,NA,NA,515.25,872,35347
"456",2011-02-28,523.25,523.25,520.75,NA,NA,520.75,984,35054
"457",2011-02-25,523.25,523.25,519.75,NA,NA,519.75,1531,34783
"458",2011-02-24,505.5,511,503.25,NA,NA,505.5,1383,35020
"459",2011-02-23,505.5,514.25,503.25,NA,NA,514.25,2065,34704
"460",2011-02-22,507.5,507.5,506.5,NA,NA,507.5,2876,34555
"461",2011-02-18,536,543,535,NA,NA,536.5,450,33314
"462",2011-02-17,536,543.25,535,NA,NA,543.25,967,32993
"463",2011-02-16,521.5,526,520.75,NA,NA,526,967,32993
"464",2011-02-15,533.5,533.5,525,NA,NA,527.5,3042,32515
"465",2011-02-14,555,557,542.5,NA,NA,542.5,780,32076
"466",2011-02-11,555,557,552.5,NA,NA,553.25,1137,31944
"467",2011-02-10,548.75,556.5,544,NA,NA,556.5,1817,31641
"468",2011-02-09,552.5,552.5,549,NA,NA,552,2129,31643
"469",2011-02-08,543,550.5,543,NA,NA,550.5,418,31607
"470",2011-02-07,543.75,547,543.75,NA,NA,547,600,31563
"471",2011-02-04,548.5,548.5,548.5,NA,NA,548.5,874,31393
"472",2011-02-03,540,541,533.75,NA,NA,533.75,1422,31293
"473",2011-02-02,540,541.25,539.5,NA,NA,541.25,1626,30740
"474",2011-02-01,535.5,541,535.5,NA,NA,541,554,30133
"475",2011-01-31,535.5,536.25,535.5,NA,NA,536.25,959,30018
"476",2011-01-28,535,535,524.5,NA,NA,524.5,720,30467
"477",2011-01-27,536,536,532.75,NA,NA,532.75,568,30207
"478",2011-01-26,536,542.75,536,NA,NA,542.75,683,30161
"479",2011-01-25,531,531.5,531,NA,NA,531.5,1162,30200
"480",2011-01-24,537.25,537.25,537.25,NA,NA,537.25,563,29921
"481",2011-01-21,537.25,537.25,537.25,NA,NA,537.25,3118,29881
"482",2011-01-20,533.25,533.25,525.5,NA,NA,530.5,999,30330
"483",2011-01-19,533.25,533.25,523.75,NA,NA,523.75,1906,30373
"484",2011-01-18,528,531.5,528,NA,NA,531.5,1087,30353
"485",2011-01-14,528,530.75,528,NA,NA,530.75,2800,30082
"486",2011-01-13,518.5,525.5,517,NA,NA,525.5,1826,30121
"487",2011-01-12,521,521,516,NA,NA,516,1826,30121
"488",2011-01-11,518,518,514,NA,NA,515,1209,29864
"489",2011-01-10,517.25,517.25,515,NA,NA,515,1028,29712
"490",2011-01-07,514,514,512,NA,NA,512,1916,29607
"491",2011-01-06,516,516,516,NA,NA,516,1272,28655
"492",2011-01-05,510,527.25,510,NA,NA,527.25,1511,28693
"493",2011-01-04,510,510,508.5,NA,NA,508.5,1958,28558
"494",2011-01-03,519,519,513.5,NA,NA,513.5,1026,28266
"495",2010-12-31,519,523,519,NA,NA,523,510,28209
"496",2010-12-30,513.25,516.5,513,NA,NA,515.25,426,28196
"497",2010-12-29,519.5,520,519.5,NA,NA,520,676,28118
"498",2010-12-28,518.75,518.75,518.75,NA,NA,518.75,901,28005
"499",2010-12-27,512.5,512.5,512.5,NA,NA,512.5,660,27786
"500",2010-12-23,514.25,514.25,514.25,NA,NA,514.25,448,27653
"501",2010-12-22,510.25,513,510.25,NA,NA,513,934,27471
"502",2010-12-21,510.25,511.75,510.25,NA,NA,511.75,934,27471
"503",2010-12-20,509.5,509.5,508.75,NA,NA,508.75,1263,27407
"504",2010-12-17,509.5,509.5,508.5,NA,NA,508.5,1014,27206
"505",2010-12-16,496.5,500.5,496.5,NA,NA,500.5,663,27217
"506",2010-12-15,498.75,498.75,493.75,NA,NA,493.75,931,27296
"507",2010-12-14,498.5,498.5,497.25,NA,NA,497.25,1651,27328
"508",2010-12-13,501.5,501.5,501.5,NA,NA,501.5,864,27884
"509",2010-12-10,497.5,497.5,494.75,NA,NA,494.75,772,28020
"510",2010-12-09,497.5,497.5,496.75,NA,NA,496.75,589,28079
"511",2010-12-08,494.75,501.75,494.75,NA,NA,501.75,508,28088
"512",2010-12-07,504.75,504.75,494.25,NA,NA,494.25,883,28037
"513",2010-12-06,502.25,505.5,500,NA,NA,500,615,27952
"514",2010-12-03,502.25,505.5,502.25,NA,NA,504.75,938,27820
"515",2010-12-02,497,497,493,NA,NA,493,1848,27966
"516",2010-12-01,497,501.25,497,NA,NA,501.25,1496,27472
"517",2010-11-30,479.5,479.5,479.5,NA,NA,479.5,740,27381
"518",2010-11-29,486,486,486,NA,NA,486,716,27235
"519",2010-11-26,484.75,484.75,484.75,NA,NA,484.75,415,27230
"520",2010-11-24,485.25,485.25,485.25,NA,NA,485.25,2255,27210
"521",2010-11-23,471.75,471.75,471.75,NA,NA,471.75,861,26998
"522",2010-11-22,458.75,458.75,458.75,NA,NA,458.75,861,26998
"523",2010-11-19,466,466,466,NA,NA,466,5247,26783
"524",2010-11-18,481.5,481.5,481.5,NA,NA,481.5,4126,25264
"525",2010-11-17,466.25,466.25,466.25,NA,NA,466.25,2251,24862
"526",2010-11-16,452,452,452,NA,NA,452,4833,24742
"527",2010-11-15,492.25,492.25,464.75,NA,NA,477.75,2106,22801
"528",2010-11-12,476,476,464.75,NA,NA,464.75,3926,22972
"529",2010-11-11,511.25,511.25,494.75,NA,NA,494.75,2467,22664
"530",2010-11-10,511.25,511.25,509.25,NA,NA,509.25,2183,21942
"531",2010-11-09,516.25,517,514.25,NA,NA,514.25,1547,22266
"532",2010-11-08,523.5,525.5,518,NA,NA,518,1172,22260
"533",2010-11-05,521.75,525.75,521.75,NA,NA,525.75,1603,22758
"534",2010-11-04,525.5,526.25,525.5,NA,NA,526.25,1603,22758
"535",2010-11-03,520,523.5,520,NA,NA,523.5,2066,22766
"536",2010-11-02,519,520.75,515,NA,NA,520.75,1134,23227
"537",2010-11-01,519,519,513.75,NA,NA,513.75,1032,23226
"538",2010-10-29,519.25,519.25,517.75,NA,NA,517.75,854,23305
"539",2010-10-28,519.5,519.5,519.5,NA,NA,519.5,879,23371
"540",2010-10-27,511,518.25,511,NA,NA,518.25,814,23432
"541",2010-10-26,511,517,511,NA,NA,516.75,2921,23312
"542",2010-10-25,508,513.25,507.5,NA,NA,513.25,796,23348
"543",2010-10-22,507.5,507.5,499.5,NA,NA,499.5,1384,23231
"544",2010-10-21,497,510,497,NA,NA,505.25,2004,23182
"545",2010-10-20,497,511.25,497,NA,NA,511.25,1350,22807
"546",2010-10-19,496.5,496.5,491.25,NA,NA,491.25,1856,22585
"547",2010-10-18,493,496.75,493,NA,NA,496.75,1131,22584
"548",2010-10-15,494,501.5,493.25,NA,NA,493.25,689,22396
"549",2010-10-14,494,501.5,494,NA,NA,497,840,22303
"550",2010-10-13,498,498,494.25,NA,NA,494.25,1523,22163
"551",2010-10-12,493,497,493,NA,NA,497,2196,22076
"552",2010-10-11,509.25,509.25,490.5,NA,NA,490.5,5242,21924
"553",2010-10-08,505,505,498,NA,NA,502.5,11213,21453
"554",2010-10-07,475,475,475,NA,NA,475,1434,19665
"555",2010-10-06,467.75,470.25,467.75,NA,NA,470.25,803,19536
"556",2010-10-05,467.75,471.25,467.75,NA,NA,471.25,2122,19575
"557",2010-10-04,462.25,462.25,462.25,NA,NA,462.25,1143,19278
"558",2010-10-01,456.75,456.75,456.75,NA,NA,456.75,2628,19255
"559",2010-09-30,456,469.25,456,NA,NA,469.25,1432,19293
"560",2010-09-29,456,469,456,NA,NA,469,1062,18945
"561",2010-09-28,474.5,474.5,463.75,NA,NA,463.75,536,18762
"562",2010-09-27,474.5,474.5,468.25,NA,NA,468.25,1322,18551
"563",2010-09-24,475,476.75,475,NA,NA,476.75,1867,18344
"564",2010-09-23,468.5,471,465.75,NA,NA,465.75,3655,18294
"565",2010-09-22,468.5,468.5,468,NA,NA,468.5,2230,16914
"566",2010-09-21,469,469,465.75,NA,NA,465.75,1407,16397
"567",2010-09-20,469,469,465.25,NA,NA,465.25,2264,16027
"568",2010-09-17,463,468,463,NA,NA,466.75,1798,15757
"569",2010-09-16,462.25,462.5,462.25,NA,NA,462.5,1065,15410
"570",2010-09-15,464.25,464.25,464.25,NA,NA,464.25,1152,15004
"571",2010-09-14,461,461,461,NA,NA,461,1413,14800
"572",2010-09-13,451,452,451,NA,NA,452,636,14695
"573",2010-09-10,451,454.25,451,NA,NA,454.25,2556,14554
"574",2010-09-09,450.25,450.25,450.25,NA,NA,450.25,619,13813
"575",2010-09-08,441.75,441.75,441.75,NA,NA,441.75,587,13615
"576",2010-09-07,443.25,443.25,442.25,NA,NA,442.25,1442,13443
"577",2010-09-03,443.25,448.5,443.25,NA,NA,448.5,1508,13112
"578",2010-09-02,443.75,443.75,443.75,NA,NA,443.75,330,12803
"579",2010-09-01,442.75,442.75,442.75,NA,NA,442.75,330,12803
"580",2010-08-31,436.25,436.25,436.25,NA,NA,436.25,1850,12720
"581",2010-08-30,434.75,434.75,434.75,NA,NA,434.75,812,12096
"582",2010-08-27,432.75,432.75,430.5,NA,NA,430.5,828,11848
"583",2010-08-26,432.75,432.75,431.75,NA,NA,431.75,568,11451
"584",2010-08-25,427.25,427.25,427.25,NA,NA,427.25,62,11008
"585",2010-08-24,426.5,426.5,426.5,NA,NA,426.5,108,11001
"586",2010-08-23,433.25,433.25,433.25,NA,NA,433.25,852,10989
"587",2010-08-20,432.25,432.25,432.25,NA,NA,432.25,412,10973
"588",2010-08-19,421.75,421.75,421.75,NA,NA,421.75,812,10688
"589",2010-08-18,426,432,426,NA,NA,429.75,1939,10511
"590",2010-08-17,426,431.5,426,NA,NA,431.5,421,9799
"591",2010-08-16,426.75,426.75,426.75,NA,NA,426.75,227,9558
"592",2010-08-13,434.25,434.25,434.25,NA,NA,434.25,417,9405
"593",2010-08-12,429.75,429.75,429.75,NA,NA,429.75,748,9275
"594",2010-08-11,427,427,427,NA,NA,427,390,8956
"595",2010-08-10,438,438,429.5,NA,NA,429.5,124,8636
"596",2010-08-09,438,438,435.5,NA,NA,435.5,317,8615
"597",2010-08-06,448,448,432,NA,NA,438,532,8484
"598",2010-08-05,448,448,432,NA,NA,432,1335,8483
"599",2010-08-04,428.5,437,428.5,NA,NA,437,433,8160
"600",2010-08-03,428.5,428.5,428,NA,NA,428,365,7928
"601",2010-08-02,433,434.5,430.75,NA,NA,430.75,780,7909
"602",2010-07-30,430,435.25,430,NA,NA,435.25,396,7589
"603",2010-07-29,430,430,430,NA,NA,430,478,7318
"604",2010-07-28,428.25,428.25,428.25,NA,NA,428.25,255,7151
"605",2010-07-27,417,417,416.25,NA,NA,417,124,7085
"606",2010-07-26,417,418,416.25,NA,NA,418,168,7043
"607",2010-07-23,420,420,419,NA,NA,419,185,6979
"608",2010-07-22,425,425,422.25,NA,NA,422.25,286,6934
"609",2010-07-21,425,425,424.25,NA,NA,424.25,144,6826
"610",2010-07-20,421.75,421.75,421.5,NA,NA,421.5,173,6778
"611",2010-07-19,420.75,420.75,420.75,NA,NA,420.75,103,6849
"612",2010-07-16,425.25,425.25,425,NA,NA,425.25,400,6825
"613",2010-07-15,419.25,428,419.25,NA,NA,428,423,6701
"614",2010-07-14,419.25,420.5,419.25,NA,NA,420.5,144,6475
"615",2010-07-13,415.25,417,414.5,NA,NA,414.5,211,6393
"616",2010-07-12,415.75,415.75,415.75,NA,NA,415.75,98,6329
"617",2010-07-09,413,417.25,412.5,NA,NA,417.25,241,6298
"618",2010-07-08,413,417.25,412.5,NA,NA,417.25,257,6163
"619",2010-07-07,415.25,415.25,411.5,NA,NA,411.5,450,6040
"620",2010-07-06,415.25,415.25,405,NA,NA,405,328,5837
"621",2010-07-02,413,415.75,413,NA,NA,413.5,432,5689
"622",2010-07-01,413,418,413,NA,NA,418,343,5333
"623",2010-06-30,410,411,410,NA,NA,411,343,5333
"624",2010-06-29,397.25,397.25,391.25,NA,NA,391.25,157,5208
"625",2010-06-28,397.25,399.5,397.25,NA,NA,399.5,161,5155
"626",2010-06-25,405.75,405.75,404.25,NA,NA,404.25,121,5053
"627",2010-06-24,405.75,407,405,NA,NA,405.75,57,5000
"628",2010-06-23,410.75,410.75,407,NA,NA,407,53,4977
"629",2010-06-22,411.5,411.5,411.5,NA,NA,411.5,73,5005
"630",2010-06-21,412.5,412.5,412.5,NA,NA,412.5,116,4968
"631",2010-06-18,421,421,421,NA,NA,421,135,4871
"632",2010-06-17,419.25,419.25,419.25,NA,NA,419.25,17,4810
"633",2010-06-16,417.5,417.5,417.5,NA,NA,417.5,119,4800
"634",2010-06-15,417.75,417.75,417.75,NA,NA,417.75,138,4745
"635",2010-06-14,418,418,418,NA,NA,418,84,4762
"636",2010-06-11,414,414,414,NA,NA,414,40,4734
"637",2010-06-10,409.5,409.5,409.5,NA,NA,409.5,148,4729
"638",2010-06-09,405,405,405,NA,NA,405,33,4787
"639",2010-06-08,402.5,402.5,402.5,NA,NA,402.5,271,4773
"640",2010-06-07,401.5,401.5,401.5,NA,NA,401.5,327,4620
"641",2010-06-04,402,402,402,NA,NA,402,23,4487
"642",2010-06-03,409,409,409,NA,NA,409,73,4479
"643",2010-06-02,405.75,405.75,405.75,NA,NA,405.75,101,4462
"644",2010-06-01,406.75,406.75,406.75,NA,NA,406.75,58,4413
"645",2010-05-28,409.25,409.25,409.25,NA,NA,409.25,5,4380
"646",2010-05-27,423,423,423,NA,NA,423,53,4371
"647",2010-05-26,414.25,422,414.25,NA,NA,422,53,4371
"648",2010-05-25,414.25,415.75,414.25,NA,NA,415.75,49,4329
"649",2010-05-24,408,420.25,408,NA,NA,420.25,108,4298
"650",2010-05-21,408,416,408,NA,NA,416,73,4246
"651",2010-05-20,409.75,409.75,409.75,NA,NA,409.75,102,4220
"652",2010-05-19,410.5,410.5,410.5,NA,NA,410.5,62,4160
"653",2010-05-18,406.25,412.5,406.25,NA,NA,412.5,54,4155
"654",2010-05-17,406.25,406.25,405.5,NA,NA,405.5,81,4142
"655",2010-05-14,410.25,410.25,410.25,NA,NA,410.25,140,4108
"656",2010-05-13,421,421,415.5,NA,NA,415.5,59,3981
"657",2010-05-12,421,421,416.5,NA,NA,418.5,26,3953
"658",2010-05-11,414.5,420,414.5,NA,NA,420,149,3936
"659",2010-05-10,414.5,414.5,414.5,NA,NA,414.5,61,3887
"660",2010-05-07,413,413,413,NA,NA,413,123,3896
"661",2010-05-06,411.75,411.75,411.75,NA,NA,411.75,25,3850
"662",2010-05-05,418.75,418.75,418.75,NA,NA,418.75,18,3835
"663",2010-05-04,415.75,415.75,415.75,NA,NA,415.75,11,3823
"664",2010-05-03,419.5,419.5,419.5,NA,NA,419.5,81,3813
"665",2010-04-30,413.5,421.5,413.5,NA,NA,421.5,27,3785
"666",2010-04-29,413.5,413.75,413.5,NA,NA,413.75,131,3774
"667",2010-04-28,408.25,408.25,408.25,NA,NA,408.25,94,3755
"668",2010-04-27,401,401,401,NA,NA,401,119,3711
"669",2010-04-26,407.75,407.75,407.75,NA,NA,407.75,62,3603
"670",2010-04-23,410.25,410.25,410.25,NA,NA,410.25,70,3585
"671",2010-04-22,415.5,419.75,415.5,NA,NA,419.75,92,3555
"672",2010-04-21,415.5,417.5,415.5,NA,NA,417.5,65,3499
"673",2010-04-20,415,417.25,415,NA,NA,417.25,41,3485
"674",2010-04-19,415,415,410,NA,NA,410,30,3450
"675",2010-04-16,424.5,424.5,424.5,NA,NA,424.5,57,3444
"676",2010-04-15,425,425,425,NA,NA,425,117,3444
"677",2010-04-14,422.25,422.25,422.25,NA,NA,422.25,131,3376
"678",2010-04-13,419.75,419.75,419.75,NA,NA,419.75,12,3288
"679",2010-04-12,416.75,416.75,416.75,NA,NA,416.75,42,3277
"680",2010-04-09,416.75,416.75,416.75,NA,NA,416.75,36,3263
"681",2010-04-08,420,420,420,NA,NA,420,154,3244
"682",2010-04-07,426.5,426.5,426.5,NA,NA,426.5,212,3301
"683",2010-04-06,413.75,413.75,413.75,NA,NA,413.75,54,3219
"684",2010-04-05,411.25,411.25,411.25,NA,NA,411.25,51,3205
"685",2010-04-01,407.75,407.75,407.75,NA,NA,407.75,38,3309
"686",2010-03-31,411,411,406.5,NA,NA,406.5,302,3462
"687",2010-03-30,411,411.25,411,NA,NA,411.25,302,3462
"688",2010-03-29,411,414.25,411,NA,NA,414.25,99,3025
"689",2010-03-26,411,411,410.75,NA,NA,410.75,88,2948
"690",2010-03-25,410.75,410.75,410.75,NA,NA,410.75,89,2937
"691",2010-03-24,416.5,416.5,416.5,NA,NA,416.5,95,2912
"692",2010-03-23,412.25,412.25,412.25,NA,NA,412.25,65,2865
"693",2010-03-22,417.75,417.75,417.75,NA,NA,417.75,23,2862
"694",2010-03-19,422,422,422,NA,NA,422,48,2844
"695",2010-03-18,423,423,423,NA,NA,423,80,2809
"696",2010-03-17,413.5,421,413.5,NA,NA,421,65,2754
"697",2010-03-16,413.5,414.25,413.5,NA,NA,414.25,141,2700
"698",2010-03-15,409,409,409,NA,NA,409,4,2652
"699",2010-03-12,409.75,409.75,409.75,NA,NA,409.75,71,2648
"700",2010-03-11,411,411,411,NA,NA,411,14,2605
"701",2010-03-10,409.5,409.5,409.5,NA,NA,409.5,38,2597
"702",2010-03-09,413,413,406.25,NA,NA,406.25,9,2588
"703",2010-03-08,413,415.5,413,NA,NA,415.5,38,2584
"704",2010-03-05,413.5,413.5,413.5,NA,NA,413.5,27,2573
"705",2010-03-04,420,420.5,420,NA,NA,420.5,42,2551
"706",2010-03-03,420,424.5,420,NA,NA,424.5,5,2550
"707",2010-03-02,420,420,420,NA,NA,420,14,2547
"708",2010-03-01,420,420,419,NA,NA,419,17,2540
"709",2010-02-26,422.75,424.25,422.75,NA,NA,424.25,34,2529
"710",2010-02-25,421.5,421.5,419.5,NA,NA,420.5,102,2514
"711",2010-02-24,424.75,424.75,424.75,NA,NA,424.75,37,2474
"712",2010-02-23,418.75,418.75,418.75,NA,NA,418.75,10,2460
"713",2010-02-22,424.25,424.25,424.25,NA,NA,424.25,118,2456
"714",2010-02-19,417.75,417.75,417.75,NA,NA,417.75,7,2500
"715",2010-02-18,414.25,414.25,414.25,NA,NA,414.25,26,2501
"716",2010-02-17,414.5,414.5,414.5,NA,NA,414.5,8,2476
"717",2010-02-16,417.75,417.75,417.75,NA,NA,417.75,15,2478
"718",2010-02-12,414,415,413.75,NA,NA,415,8,2472
"719",2010-02-11,414,417.5,413.75,NA,NA,417.5,7,2478
"720",2010-02-10,415.5,415.5,415.5,NA,NA,415.5,7,2478
"721",2010-02-09,411.75,412,411.75,NA,NA,412,15,2476
"722",2010-02-08,411.75,411.75,410.5,NA,NA,410.5,25,2467
"723",2010-02-05,407.5,407.5,407.5,NA,NA,407.5,31,2458
"724",2010-02-04,410.75,410.75,410.75,NA,NA,410.75,144,2437
"725",2010-02-03,419.75,419.75,410.25,NA,NA,410.25,104,2333
"726",2010-02-02,419.75,421.25,419.75,NA,NA,421.25,253,2281
"727",2010-02-01,415.5,415.5,415.5,NA,NA,415.5,39,2158
"728",2010-01-29,412.75,412.75,412.75,NA,NA,412.75,6,2141
"729",2010-01-28,416,416.5,416,NA,NA,416.5,53,2139
"730",2010-01-27,416,416,413.25,NA,NA,413.25,54,2132
"731",2010-01-26,417.25,417.25,417.25,NA,NA,417.25,22,2104
"732",2010-01-25,419.5,419.5,419.5,NA,NA,419.5,29,2095
"733",2010-01-22,417.75,427.5,417.75,NA,NA,417.75,7,2080
"734",2010-01-21,421,427.5,421,NA,NA,427.5,61,2080
"735",2010-01-20,421,426.75,421,NA,NA,426.75,51,2070
"736",2010-01-19,427.5,430,427.5,NA,NA,427.5,62,2065
"737",2010-01-15,432,434.5,430,NA,NA,432,11,2060
"738",2010-01-14,440.5,440.5,432,NA,NA,440.5,44,2053
"739",2010-01-13,448,448,434,NA,NA,442.75,44,2053
"740",2010-01-12,448,449,442.5,NA,NA,442.5,46,2045
"741",2010-01-11,461,461.5,458,NA,NA,461.5,125,2042
"742",2010-01-08,458.75,464,458.75,NA,NA,464,69,1938
"743",2010-01-07,458.75,460.5,458.75,NA,NA,460.5,94,1902
"744",2010-01-06,463.75,463.75,459,NA,NA,463.75,62,1876
"745",2010-01-05,458.25,459,457,NA,NA,458.25,6,1873
"746",2010-01-04,459.25,459.25,455,NA,NA,459.25,96,1873
"747",2009-12-31,455,455.5,452.25,NA,NA,453.75,219,1805
"748",2009-12-30,455,455,454.75,NA,NA,454.75,132,1660
"749",2009-12-29,454,459,452,NA,NA,458.25,132,1660
"750",2009-12-28,460.5,460.5,456,NA,NA,460.5,8,1594
"751",2009-12-24,457,457,451,NA,NA,457,14,1589
"752",2009-12-23,453,453,449.75,NA,NA,453,21,1588
"753",2009-12-22,452.75,452.75,448,NA,NA,450,21,1588
"754",2009-12-21,452.75,459,450.5,NA,NA,450.5,10,1577
"755",2009-12-18,452,453,446,NA,NA,450.75,50,1570
"756",2009-12-17,452,452,450.75,NA,NA,450.75,50,1570
"757",2009-12-16,462,463,462,NA,NA,463,15,1533
"758",2009-12-15,460,460,458.75,NA,NA,458.75,19,1526
"759",2009-12-14,460,461,460,NA,NA,461,112,1513
"760",2009-12-11,450,459.75,450,NA,NA,459.75,10,1443
"761",2009-12-10,450,451.25,450,NA,NA,451.25,85,1435
"762",2009-12-09,443.5,443.5,439,NA,NA,443.5,1,1403
"763",2009-12-08,443.5,443.5,440,NA,NA,443.5,8,1403
"764",2009-12-07,441,446,440,NA,NA,441,42,1397
"765",2009-12-04,445.5,451.25,445.5,NA,NA,445.5,52,1390
"766",2009-12-03,455.25,459,455.25,NA,NA,455.25,92,1359
"767",2009-12-02,458,460,458,NA,NA,458,4,1354
"768",2009-12-01,466,470,462.5,NA,NA,466,99,1354
"769",2009-11-30,470,470,462.5,NA,NA,470,32,1311
"770",2009-11-27,467,467,458.75,NA,NA,467,44,1301
"771",2009-11-25,463.25,463.25,458.75,NA,NA,463.25,44,1301
"772",2009-11-24,450.5,456.5,450,NA,NA,450.5,38,1263
"773",2009-11-23,457.5,467.75,457,NA,NA,457.5,62,1253
"774",2009-11-20,457,460,455.5,NA,NA,457,4,1237
"775",2009-11-19,460.75,462.75,456.75,NA,NA,460.75,29,1236
"776",2009-11-18,463,470,463,NA,NA,463,52,1241
"777",2009-11-17,469,470,465,NA,NA,469,61,1203
"778",2009-11-16,470,470,463,NA,NA,470,33,1172
"779",2009-11-13,460,460,456.25,NA,NA,459.25,4,1148
"780",2009-11-12,460,465,459.25,NA,NA,459.25,59,1148
"781",2009-11-11,462.75,467.25,460,NA,NA,462.75,126,1138
"782",2009-11-10,465.5,465.5,455,NA,NA,465.5,20,1080
"783",2009-11-09,459.75,459.75,442,NA,NA,459.75,5,1080
"784",2009-11-06,439,440.25,439,NA,NA,439,27,1080
"785",2009-11-05,458,458,448,NA,NA,448,9,1060
"786",2009-11-04,458,458,454.75,NA,NA,454.75,30,1056
"787",2009-11-03,461.75,462,449.5,NA,NA,461.75,109,1050
"788",2009-11-02,454.75,454.75,445,NA,NA,454.75,14,1049
"789",2009-10-30,436.75,450,436.75,NA,NA,436.75,5,1053
"790",2009-10-29,449.5,449.5,442,NA,NA,449.5,22,1048
"791",2009-10-28,439.25,439.5,432.75,NA,NA,439.25,19,1044
"792",2009-10-27,442,442,437.25,NA,NA,437.25,8,1034
"793",2009-10-26,442,442,436,NA,NA,436,10,1029
"794",2009-10-23,449,452.25,449,NA,NA,449.75,38,1024
"795",2009-10-22,449,453,449,NA,NA,453,62,1016
"796",2009-10-21,450.75,452.5,448,NA,NA,450.75,36,994
"797",2009-10-20,443,445,437.5,NA,NA,443,55,987
"798",2009-10-19,446,446,442,NA,NA,446,75,963
"799",2009-10-16,435,440,435,NA,NA,436,39,959
"800",2009-10-15,435,437,435,NA,NA,437,15,953
"801",2009-10-14,439,442,438,NA,NA,440.5,165,953
"802",2009-10-13,439,439,438.5,NA,NA,438.5,200,843
"803",2009-10-12,435.5,435.5,432,NA,NA,435.5,42,855
"804",2009-10-09,427,435,427,NA,NA,427,9,835
"805",2009-10-08,431.5,435.75,431.5,NA,NA,431.5,41,828
"806",2009-10-07,431.25,431.25,425.25,NA,NA,431.25,11,806
"807",2009-10-06,426.5,430,423.25,NA,NA,426.5,43,800
"808",2009-10-05,416.25,420,415,NA,NA,416.25,22,777
"809",2009-10-02,412.25,425,412.25,NA,NA,412.25,7,766
"810",2009-10-01,420.5,425,418,NA,NA,420.5,7,766
"811",2009-09-30,424.5,424.5,419.25,NA,NA,424.5,13,759
"812",2009-09-29,420,422,420,NA,NA,420,7,762
"813",2009-09-28,418.25,418.25,412.5,NA,NA,418.25,6,758
"814",2009-09-25,415,416.5,415,NA,NA,415,1,757
"815",2009-09-24,420,420,409,NA,NA,420,14,758
"816",2009-09-23,415.25,420,415.25,NA,NA,415.25,5,746
"817",2009-09-22,411.25,411.25,400,NA,NA,411.25,4,744
"818",2009-09-21,400.5,400.5,400,NA,NA,400.5,4,744
"819",2009-09-18,400.25,410,400.25,NA,NA,400.25,6,744
"820",2009-09-17,411.25,411.25,406.75,NA,NA,411.25,6,744
"821",2009-09-16,416.75,417.5,416,NA,NA,416.75,6,744
"822",2009-09-15,424.75,429,410,NA,NA,424.75,72,745
"823",2009-09-14,405.75,405.75,403,NA,NA,405.75,14,712
"824",2009-09-11,407.5,407.5,399.5,NA,NA,407.5,115,702
"825",2009-09-10,402.25,406,402.25,NA,NA,402.25,22,635
"826",2009-09-09,395.25,395.25,392.25,NA,NA,395.25,11,613
"827",2009-09-08,390.25,391,389.25,NA,NA,390.25,8,612
"828",2009-09-04,387.25,394.75,386.75,NA,NA,387.25,19,611
"829",2009-09-03,394,398.75,392.25,NA,NA,394,12,599
"830",2009-09-02,398.25,398.25,395,NA,NA,398.25,7,596
"831",2009-09-01,399.75,404,399.75,NA,NA,399.75,6,591
"832",2009-08-31,408.25,408.25,407.5,NA,NA,408.25,0,591
"833",2009-08-28,409.5,409.5,407.5,NA,NA,409.5,5,591
"834",2009-08-27,407.75,407.75,403,NA,NA,407.75,5,591
"835",2009-08-26,405,415,405,NA,NA,405,4,596
"836",2009-08-25,406.75,415,406.75,NA,NA,406.75,4,596
"837",2009-08-24,415.5,415.5,410,NA,NA,415.5,20,592
"838",2009-08-21,408.25,408.25,405,NA,NA,408.25,2,582
"839",2009-08-20,404,406.5,404,NA,NA,405.25,2,583
"840",2009-08-19,404,409.75,404,NA,NA,409.75,16,585
"841",2009-08-18,400,406,400,NA,NA,406,23,585
"842",2009-08-17,405,405,400.25,NA,NA,405,2,579
"843",2009-08-14,408,408,407,NA,NA,408,6,578
"844",2009-08-13,411.25,421,411.25,NA,NA,411.25,2,578
"845",2009-08-12,415.25,418,415.25,NA,NA,415.25,0,577
"846",2009-08-11,407.25,407.25,403,NA,NA,407.25,4,577
"847",2009-08-10,406,407,403,NA,NA,406,4,578
"848",2009-08-07,401.5,413,401.5,NA,NA,401.5,11,576
"849",2009-08-06,417.25,427,415.75,NA,NA,417.25,3,574
"850",2009-08-05,434.5,440,430,NA,NA,434.5,90,573
"851",2009-08-04,438.25,442.75,430,NA,NA,438.25,4,538
"852",2009-08-03,441,442.25,430,NA,NA,441,6,537
"853",2009-07-31,425,425,416,NA,NA,425,2,533
"854",2009-07-30,417.75,417.75,403.5,NA,NA,417.75,3,533
"855",2009-07-29,403.75,405,403.5,NA,NA,403.75,3,533
"856",2009-07-28,404.75,409,404.75,NA,NA,404.75,2,533
"857",2009-07-27,409.75,410,408,NA,NA,409.75,4,533
"858",2009-07-24,402,420,402,NA,NA,402,65,534
"859",2009-07-23,415,416,410.5,NA,NA,415,2,529
"860",2009-07-22,398.5,398.5,398.5,NA,NA,398.5,20,529
"861",2009-07-21,400.5,400.5,400.5,NA,NA,400.5,47,526
"862",2009-07-20,411.75,411.75,411.75,NA,NA,411.75,5,484
"863",2009-07-17,409.5,409.5,409.5,NA,NA,409.5,3,483
"864",2009-07-16,404.25,404.25,404.25,NA,NA,404.25,24,480
"865",2009-07-15,415,415,415,NA,NA,415,1,472
"866",2009-07-14,420.25,420.25,420.25,NA,NA,420.25,25,471
"867",2009-07-13,412.5,412.5,412.5,NA,NA,412.5,25,471
"868",2009-07-10,413.25,413.25,413.25,NA,NA,413.25,57,462
"869",2009-07-09,412.5,412.5,412.5,NA,NA,412.5,8,409
"870",2009-07-08,400.75,400.75,400.75,NA,NA,400.75,24,415
"871",2009-07-07,400.25,400.25,400.25,NA,NA,400.25,21,398
"872",2009-07-06,410.75,410.75,410.75,NA,NA,410.75,34,384
"873",2009-07-02,424,424,424,NA,NA,424,132,351
"874",2009-07-01,426.25,426.25,426.25,NA,NA,426.25,19,33
"875",2009-06-30,420.25,420.25,420.25,NA,NA,420.25,19,33
"876",2009-06-29,428.75,428.75,428.75,NA,NA,428.75,5,33
"877",2009-06-26,430.75,430.75,430.75,NA,NA,430.75,0,23
"878",2009-06-25,431.5,431.5,431.5,NA,NA,431.5,0,23
"879",2009-06-24,437.5,437.5,437.5,NA,NA,437.5,1,23
"880",2009-06-23,436,436,436,NA,NA,436,0,22
"881",2009-06-22,432,432,432,NA,NA,432,1,22
"882",2009-06-19,445,445,445,NA,NA,445,14,21
"883",2009-06-18,446.25,446.25,446.25,NA,NA,446.25,0,10
"884",2009-06-17,445.25,445.25,445.25,NA,NA,445.25,0,9
"885",2009-06-16,450,450,450,NA,NA,450,0,8
"886",2009-06-15,453.75,453.75,453.75,NA,NA,453.75,0,8
"887",2009-06-12,465.75,465.75,465.75,NA,NA,465.75,0,8
"888",2009-06-11,474,474,474,NA,NA,474,0,5
"889",2009-06-10,468.5,468.5,468.5,NA,NA,468.5,0,0
"890",2009-06-09,476.75,476.75,476.75,NA,NA,476.75,0,0
"891",2009-06-08,469.5,475,469.5,NA,NA,469.5,0,0
