symbol,timestamp,tradingDay,open,high,low,close,volume,openInterest
"Zcz17","2016-08-01T00:00:00-05:00","2016-08-01","370","372","366","366.5","4322","48496"
"Zcz17","2016-08-02T00:00:00-05:00","2016-08-02","366.5","370.25","365","370","8218","49274"
"Zcz17","2016-08-03T00:00:00-05:00","2016-08-03","370","374.5","369.25","372.5","6281","49758"
"Zcz17","2016-08-04T00:00:00-05:00","2016-08-04","372.5","373.25","369","370","5882","50030"
"Zcz17","2016-08-05T00:00:00-05:00","2016-08-05","369.75","372.25","368.75","372.25","6150","51493"
"Zcz17","2016-08-08T00:00:00-05:00","2016-08-08","372","373.25","369.25","373","4280","52125"
"Zcz17","2016-08-09T00:00:00-05:00","2016-08-09","373","373.25","370.25","371.25","4722","52040"
"Zcz17","2016-08-10T00:00:00-05:00","2016-08-10","371.25","374.25","371","372.25","4043","52221"
"Zcz17","2016-08-11T00:00:00-05:00","2016-08-11","372.25","373","371","372.25","4773","53584"
"Zcz17","2016-08-12T00:00:00-05:00","2016-08-12","371.5","374.25","364","373.75","13163","56391"
"Zcz17","2016-08-15T00:00:00-05:00","2016-08-15","373","378","372","376","4461","56119"
"Zcz17","2016-08-16T00:00:00-05:00","2016-08-16","376.25","378","373.75","375.75","2822","56352"
"Zcz17","2016-08-17T00:00:00-05:00","2016-08-17","374.75","378.75","374.25","378.5","3074","56265"
"Zcz17","2016-08-18T00:00:00-05:00","2016-08-18","378","381.75","375.75","381.25","3363","56435"
"Zcz17","2016-08-19T00:00:00-05:00","2016-08-19","381.25","383","379.5","382.5","2117","55955"
"Zcz17","2016-08-22T00:00:00-05:00","2016-08-22","381.75","382.5","379.25","381","1866","56107"
"Zcz17","2016-08-23T00:00:00-05:00","2016-08-23","380.75","381","375","377.25","4439","55901"
"Zcz17","2016-08-24T00:00:00-05:00","2016-08-24","377.25","379.25","374.75","376","4561","56953"
"Zcz17","2016-08-25T00:00:00-05:00","2016-08-25","376","377.25","372","373","4201","57249"
"Zcz17","2016-08-26T00:00:00-05:00","2016-08-26","373.25","374.25","366.25","366.75","5305","57942"
"Zcz17","2016-08-29T00:00:00-05:00","2016-08-29","366.5","369.5","362.75","363.75","6351","59519"
"Zcz17","2016-08-30T00:00:00-05:00","2016-08-30","363.75","364","359.25","359.75","9091","62306"
"Zcz17","2016-08-31T00:00:00-05:00","2016-08-31","360","362","358.5","359.5","12142","65939"
"Zcz17","2016-09-01T00:00:00-05:00","2016-09-01","359.5","368","359.25","366.25","6049","66825"
"Zcz17","2016-09-02T00:00:00-05:00","2016-09-02","366","370.75","365.75","369.75","6959","67983"
"Zcz17","2016-09-06T00:00:00-05:00","2016-09-06","369","371.5","365.5","371","4712","69155"
"Zcz17","2016-09-07T00:00:00-05:00","2016-09-07","369.75","375","369","374.5","6075","70600"
"Zcz17","2016-09-08T00:00:00-05:00","2016-09-08","374.75","379.25","374","379.25","5828","70903"
"Zcz17","2016-09-09T00:00:00-05:00","2016-09-09","378.5","381.5","375","381.25","6350","71343"
"Zcz17","2016-09-12T00:00:00-05:00","2016-09-12","380.5","383","376.5","380.75","8104","70223"
"Zcz17","2016-09-13T00:00:00-05:00","2016-09-13","380","381.75","371.5","372","4792","70535"
"Zcz17","2016-09-14T00:00:00-05:00","2016-09-14","372","373.5","368.25","373.25","5436","70297"
"Zcz17","2016-09-15T00:00:00-05:00","2016-09-15","373","375.5","369.25","370.75","4935","70512"
"Zcz17","2016-09-16T00:00:00-05:00","2016-09-16","370.25","378","368.75","376.75","9528","70393"
"Zcz17","2016-09-19T00:00:00-05:00","2016-09-19","376.5","379.75","372.75","377.5","7333","70699"
"Zcz17","2016-09-20T00:00:00-05:00","2016-09-20","376.5","381.75","375.75","380.25","2788","70797"
"Zcz17","2016-09-21T00:00:00-05:00","2016-09-21","379.25","380","378","379.5","2145","70894"
"Zcz17","2016-09-22T00:00:00-05:00","2016-09-22","379.25","380.75","374.75","376.5","6086","72119"
"Zcz17","2016-09-23T00:00:00-05:00","2016-09-23","376.25","378.5","373.5","375.75","4944","72482"
"Zcz17","2016-09-26T00:00:00-05:00","2016-09-26","373.5","375.5","368.75","369.5","4351","73456"
"Zcz17","2016-09-27T00:00:00-05:00","2016-09-27","368.5","372.5","367.75","372","4495","73702"
"Zcz17","2016-09-28T00:00:00-05:00","2016-09-28","372","372.5","369.25","369.25","4090","74178"
"Zcz17","2016-09-29T00:00:00-05:00","2016-09-29","369.5","373.25","368.25","368.75","3702","74044"
"Zcz17","2016-09-30T00:00:00-05:00","2016-09-30","369","377.5","365.75","376.5","10039","74489"
"Zcz17","2016-10-03T00:00:00-05:00","2016-10-03","375.75","386","374.5","384.25","8423","75426"
"Zcz17","2016-10-04T00:00:00-05:00","2016-10-04","383.25","387","382.25","387","6259","75368"
"Zcz17","2016-10-05T00:00:00-05:00","2016-10-05","385.75","387.75","384","386.5","6567","75942"
"Zcz17","2016-10-06T00:00:00-05:00","2016-10-06","385.75","387","378.25","380","8054","76700"
"Zcz17","2016-10-07T00:00:00-05:00","2016-10-07","380","384","379","379.5","2989","76583"
"Zcz17","2016-10-10T00:00:00-05:00","2016-10-10","379.25","383.75","379","383","3614","77091"
"Zcz17","2016-10-11T00:00:00-05:00","2016-10-11","382.5","385.75","381","384.25","5115","76585"
"Zcz17","2016-10-12T00:00:00-05:00","2016-10-12","383","387.25","377","377.25","10898","77242"
"Zcz17","2016-10-13T00:00:00-05:00","2016-10-13","377.75","388.5","377.25","388.25","8328","77561"
"Zcz17","2016-10-14T00:00:00-05:00","2016-10-14","387.5","395","387.5","391","18766","79905"
"Zcz17","2016-10-17T00:00:00-05:00","2016-10-17","389","394.25","388.5","391","6982","80757"
"Zcz17","2016-10-18T00:00:00-05:00","2016-10-18","390.75","394","389.25","391","6548","82024"
"Zcz17","2016-10-19T00:00:00-05:00","2016-10-19","390.5","394.5","388.75","393.75","8623","83138"
"Zcz17","2016-10-20T00:00:00-05:00","2016-10-20","393.75","395.25","386.75","388.25","7261","83328"
"Zcz17","2016-10-21T00:00:00-05:00","2016-10-21","388.5","390","387.25","389","4305","83713"
"Zcz17","2016-10-24T00:00:00-05:00","2016-10-24","388.5","390.25","383.5","386.25","6682","84263"
"Zcz17","2016-10-25T00:00:00-05:00","2016-10-25","385.5","389.5","385.25","387","8280","86341"
"Zcz17","2016-10-26T00:00:00-05:00","2016-10-26","386.5","391.75","386.5","390.25","9376","88009"
"Zcz17","2016-10-27T00:00:00-05:00","2016-10-27","389.75","393.75","388.75","393","12383","87731"
"Zcz17","2016-10-28T00:00:00-05:00","2016-10-28","392.5","393.25","389.5","390.25","6181","88451"
"Zcz17","2016-10-31T00:00:00-05:00","2016-10-31","390.25","392.5","388","389.75","6927","89673"
"Zcz17","2016-11-01T00:00:00-05:00","2016-11-01","389","390","383.75","386.25","7978","90717"
"Zcz17","2016-11-02T00:00:00-05:00","2016-11-02","385.75","388","382","384.25","11007","92488"
"Zcz17","2016-11-03T00:00:00-05:00","2016-11-03","384.25","386.25","382.75","386","5616","92661"
"Zcz17","2016-11-04T00:00:00-05:00","2016-11-04","386","387.75","383.75","387","11495","96629"
"Zcz17","2016-11-07T00:00:00-06:00","2016-11-07","386","387.25","383.75","384.75","6547","96385"
"Zcz17","2016-11-08T00:00:00-06:00","2016-11-08","384.75","393.75","383.75","391.75","16614","96532"
"Zcz17","2016-11-09T00:00:00-06:00","2016-11-09","390.5","392.25","380","380.25","15335","98104"
"Zcz17","2016-11-10T00:00:00-06:00","2016-11-10","381.25","385.5","379.25","382","11184","98687"
"Zcz17","2016-11-11T00:00:00-06:00","2016-11-11","382","383.25","378","379.5","9652","102660"
"Zcz17","2016-11-14T00:00:00-06:00","2016-11-14","379.5","379.75","375","375.75","6146","102462"
"Zcz17","2016-11-15T00:00:00-06:00","2016-11-15","375.75","379.75","374.25","379.25","7647","102478"
"Zcz17","2016-11-16T00:00:00-06:00","2016-11-16","379.25","381","376","376.25","5799","103510"
"Zcz17","2016-11-17T00:00:00-06:00","2016-11-17","376.75","380","375.25","378.5","6949","103133"
"Zcz17","2016-11-18T00:00:00-06:00","2016-11-18","378.5","382.5","377","382","9027","103559"
"Zcz17","2016-11-21T00:00:00-06:00","2016-11-21","382","386.25","380.75","386","5889","103822"
"Zcz17","2016-11-22T00:00:00-06:00","2016-11-22","385.75","387.75","382.25","387.25","4132","104457"
"Zcz17","2016-11-23T00:00:00-06:00","2016-11-23","386.25","388","383.5","387.75","7321","104241"
"Zcz17","2016-11-25T00:00:00-06:00","2016-11-25","386.75","388","385.75","387.5","2861","103298"
"Zcz17","2016-11-28T00:00:00-06:00","2016-11-28","387.5","391","385.75","388","8159","103134"
"Zcz17","2016-11-29T00:00:00-06:00","2016-11-29","387.25","387.25","379","379.75","11281","103427"
"Zcz17","2016-11-30T00:00:00-06:00","2016-11-30","379.75","383.25","379","379.75","13124","105697"
"Zcz17","2016-12-01T00:00:00-06:00","2016-12-01","379.75","380.75","374.5","375","18148","108036"
"Zcz17","2016-12-02T00:00:00-06:00","2016-12-02","376","378.25","375.25","377.75","9232","109162"
"Zcz17","2016-12-05T00:00:00-06:00","2016-12-05","377.75","389.75","377.75","389.25","12626","108038"
"Zcz17","2016-12-06T00:00:00-06:00","2016-12-06","387.5","393","387.5","389.5","13515","108170"
"Zcz17","2016-12-07T00:00:00-06:00","2016-12-07","388.25","389.5","385.25","387","6142","108142"
"Zcz17","2016-12-08T00:00:00-06:00","2016-12-08","386.5","388.75","380.5","383.25","9466","107592"
"Zcz17","2016-12-09T00:00:00-06:00","2016-12-09","383","388.75","380.75","388.5","6670","108092"
"Zcz17","2016-12-12T00:00:00-06:00","2016-12-12","389.75","389.75","385.25","389.25","7091","109048"
"Zcz17","2016-12-13T00:00:00-06:00","2016-12-13","389","392.75","387.75","389.25","13351","109695"
"Zcz17","2016-12-14T00:00:00-06:00","2016-12-14","389","390.5","387","390","6294","109383"
"Zcz17","2016-12-15T00:00:00-06:00","2016-12-15","389","391.5","385.25","386","10079","109249"
"Zcz17","2016-12-16T00:00:00-06:00","2016-12-16","385.5","388","383.25","386.5","9337","108857"
"Zcz17","2016-12-19T00:00:00-06:00","2016-12-19","386.75","387","382","384.25","6545","108020"
"Zcz17","2016-12-20T00:00:00-06:00","2016-12-20","383.75","384.25","380.75","381.75","9654","109057"
"Zcz17","2016-12-21T00:00:00-06:00","2016-12-21","381.5","382.5","378","378.25","9552","111532"
"Zcz17","2016-12-22T00:00:00-06:00","2016-12-22","378.25","379","376.5","377.75","5197","111116"
"Zcz17","2016-12-23T00:00:00-06:00","2016-12-23","377.25","377.75","375.75","376.25","3630","111101"
"Zcz17","2016-12-27T00:00:00-06:00","2016-12-27","376.5","385.25","376.5","384.25","8554","111434"
"Zcz17","2016-12-28T00:00:00-06:00","2016-12-28","383","384","377.75","378.25","7269","112687"
"Zcz17","2016-12-29T00:00:00-06:00","2016-12-29","378.5","380.25","377.25","379.25","4898","112336"
"Zcz17","2016-12-30T00:00:00-06:00","2016-12-30","379","381.75","377","380","6722","112928"
"Zcz17","2017-01-03T00:00:00-06:00","2017-01-03","381.75","385.75","380.25","383.5","11313","113678"
"Zcz17","2017-01-04T00:00:00-06:00","2017-01-04","383","387.25","382.5","386.75","14881","115221"
"Zcz17","2017-01-05T00:00:00-06:00","2017-01-05","386.25","389.5","385.75","388.5","13956","115589"
"Zcz17","2017-01-06T00:00:00-06:00","2017-01-06","388","389.75","384.5","385.5","13091","117156"
"Zcz17","2017-01-09T00:00:00-06:00","2017-01-09","386","389","384","387.5","18146","118486"
"Zcz17","2017-01-10T00:00:00-06:00","2017-01-10","386.5","387","385.5","386.5","11382","118604"
"Zcz17","2017-01-11T00:00:00-06:00","2017-01-11","386","386.5","381.5","385.75","20685","120571"
"Zcz17","2017-01-12T00:00:00-06:00","2017-01-12","385.25","388.5","381.5","386","30207","123907"
"Zcz17","2017-01-13T00:00:00-06:00","2017-01-13","385.75","386.75","383.25","386.25","23744","129489"
"Zcz17","2017-01-17T00:00:00-06:00","2017-01-17","386.25","393","386","392.5","30241","131781"
"Zcz17","2017-01-18T00:00:00-06:00","2017-01-18","391.5","394","390.5","391.75","24132","131602"
"Zcz17","2017-01-19T00:00:00-06:00","2017-01-19","389.75","394.5","389.5","393.5","23022","132001"
"Zcz17","2017-01-20T00:00:00-06:00","2017-01-20","393","396.25","392","395.75","24639","135234"
"Zcz17","2017-01-23T00:00:00-06:00","2017-01-23","395.5","396","393.5","396","22747","137643"
"Zcz17","2017-01-24T00:00:00-06:00","2017-01-24","395.5","396.75","389.75","391","18195","138412"
"Zcz17","2017-01-25T00:00:00-06:00","2017-01-25","390.75","394.25","389","393.75","13551","140468"
"Zcz17","2017-01-26T00:00:00-06:00","2017-01-26","393.25","393.5","389","390.75","13587","140543"
"Zcz17","2017-01-27T00:00:00-06:00","2017-01-27","390","390.75","387.75","389.25","13591","141274"
"Zcz17","2017-01-30T00:00:00-06:00","2017-01-30","388.25","388.75","383.75","385.5","22402","142041"
"Zcz17","2017-01-31T00:00:00-06:00","2017-01-31","386","389","385.75","387.25","18243","142469"
"Zcz17","2017-02-01T00:00:00-06:00","2017-02-01","387","396.25","385.75","396.25","28688","148091"
"Zcz17","2017-02-02T00:00:00-06:00","2017-02-02","395","396.75","393.75","394.5","31938","153348"
"Zcz17","2017-02-03T00:00:00-06:00","2017-02-03","393.5","394.75","391.5","392.75","19615","154541"
"Zcz17","2017-02-06T00:00:00-06:00","2017-02-06","392","396","390.5","392","17276","155920"
"Zcz17","2017-02-07T00:00:00-06:00","2017-02-07","391.75","396.5","391","396.25","22699","157930"
"Zcz17","2017-02-08T00:00:00-06:00","2017-02-08","395.5","397.75","394.25","397.5","23271","159208"
"Zcz17","2017-02-09T00:00:00-06:00","2017-02-09","396.25","398.75","394.5","395.75","32127","162667"
"Zcz17","2017-02-10T00:00:00-06:00","2017-02-10","395","399.75","394.75","399.25","34090","166331"
"Zcz17","2017-02-13T00:00:00-06:00","2017-02-13","398.5","400.5","397.25","399.5","55096","171697"
"Zcz17","2017-02-14T00:00:00-06:00","2017-02-14","398.75","400","397","399.5","38195","175378"
"Zcz17","2017-02-15T00:00:00-06:00","2017-02-15","399","402.75","397","402.75","31880","179856"
"Zcz17","2017-02-16T00:00:00-06:00","2017-02-16","401.75","403.75","398","399","31804","183773"
"Zcz17","2017-02-17T00:00:00-06:00","2017-02-17","398.5","398.5","394","394.25","24904","183049"
"Zcz17","2017-02-21T00:00:00-06:00","2017-02-21","394","396.75","392.75","395.75","27143","185663"
"Zcz17","2017-02-22T00:00:00-06:00","2017-02-22","395.5","398.75","395.5","397.25","16212","187704"
"Zcz17","2017-02-23T00:00:00-06:00","2017-02-23","396.5","397.75","391.5","391.75","20591","186074"
"Zcz17","2017-02-24T00:00:00-06:00","2017-02-24","392","393","389.5","391","26817","183438"
"Zcz17","2017-02-27T00:00:00-06:00","2017-02-27","391.5","392.75","388","388.75","23157","183560"
"Zcz17","2017-02-28T00:00:00-06:00","2017-02-28","389","404","388.75","393.75","68697","191426"
"Zcz17","2017-03-01T00:00:00-06:00","2017-03-01","393","401.5","392.5","401.25","33168","193447"
"Zcz17","2017-03-02T00:00:00-06:00","2017-03-02","400.25","401","396","398.5","24652","196913"
"Zcz17","2017-03-03T00:00:00-06:00","2017-03-03","397","400","396.5","399.25","26922","200195"
"Zcz17","2017-03-06T00:00:00-06:00","2017-03-06","399.25","401.25","396","398","26631","202159"
"Zcz17","2017-03-07T00:00:00-06:00","2017-03-07","397.75","398.5","393","396","25139","200990"
"Zcz17","2017-03-08T00:00:00-06:00","2017-03-08","395.75","396.25","392.25","392.75","21463","203436"
"Zcz17","2017-03-09T00:00:00-06:00","2017-03-09","393","394","387.5","388.25","51507","206306"
"Zcz17","2017-03-10T00:00:00-06:00","2017-03-10","388","389","385","386.5","30010","205673"
"Zcz17","2017-03-13T00:00:00-05:00","2017-03-13","386.25","387.25","383.25","383.5","26067","203215"
"Zcz17","2017-03-14T00:00:00-05:00","2017-03-14","383.5","386.25","381.5","384.25","30974","203461"
"Zcz17","2017-03-15T00:00:00-05:00","2017-03-15","384.25","386.5","383.75","385","14782","204090"
"Zcz17","2017-03-16T00:00:00-05:00","2017-03-16","385","388.75","385","387.5","17041","205575"
"Zcz17","2017-03-17T00:00:00-05:00","2017-03-17","387.75","390","386.5","389.75","20262","207814"
"Zcz17","2017-03-20T00:00:00-05:00","2017-03-20","390.75","392.5","385.75","386.25","26981","210860"
"Zcz17","2017-03-21T00:00:00-05:00","2017-03-21","386","387.25","382.75","384.5","40124","210657"
"Zcz17","2017-03-22T00:00:00-05:00","2017-03-22","384.5","385.25","381.5","382","33940","210393"
"Zcz17","2017-03-23T00:00:00-05:00","2017-03-23","381.75","382.75","379.5","380","26293","210613"
"Zcz17","2017-03-24T00:00:00-05:00","2017-03-24","380","381.25","379","379.5","20682","212206"
"Zcz17","2017-03-27T00:00:00-05:00","2017-03-27","380.25","381.75","378.25","380","33068","210926"
"Zcz17","2017-03-28T00:00:00-05:00","2017-03-28","380","382.25","380","381.75","22712","211097"
"Zcz17","2017-03-29T00:00:00-05:00","2017-03-29","381","384.25","380.25","382","23249","212452"
"Zcz17","2017-03-30T00:00:00-05:00","2017-03-30","382","382","380","381","24467","209837"
"Zcz17","2017-03-31T00:00:00-05:00","2017-03-31","381.25","390","378.75","388.25","71839","212061"
"Zcz17","2017-04-03T00:00:00-05:00","2017-04-03","389.75","395","389.5","392","49583","214411"
"Zcz17","2017-04-04T00:00:00-05:00","2017-04-04","391.25","393.5","387.25","387.75","40888","216917"
"Zcz17","2017-04-05T00:00:00-05:00","2017-04-05","387.5","390.25","386.5","389.25","31019","220808"
"Zcz17","2017-04-06T00:00:00-05:00","2017-04-06","389","389.75","385","386","43797","222043"
"Zcz17","2017-04-07T00:00:00-05:00","2017-04-07","385.5","386.5","382.5","384.5","39555","228226"
"Zcz17","2017-04-10T00:00:00-05:00","2017-04-10","385","391","383.5","391","40325","231927"
"Zcz17","2017-04-11T00:00:00-05:00","2017-04-11","390","392","385.5","390.5","64268","239222"
"Zcz17","2017-04-12T00:00:00-05:00","2017-04-12","390.5","394.5","390","392.5","43992","242658"
"Zcz17","2017-04-13T00:00:00-05:00","2017-04-13","391.75","395.75","391.75","394.5","42659","247408"
"Zcz17","2017-04-17T00:00:00-05:00","2017-04-17","394.5","395.25","389","390.25","25653","250528"
"Zcz17","2017-04-18T00:00:00-05:00","2017-04-18","390.25","391.5","385.25","386.25","58312","257329"
"Zcz17","2017-04-19T00:00:00-05:00","2017-04-19","385.75","390","385.25","386.5","52140","254453"
"Zcz17","2017-04-20T00:00:00-05:00","2017-04-20","387","388.5","381.5","382.5","39168","256906"
"Zcz17","2017-04-21T00:00:00-05:00","2017-04-21","382","383.5","379.25","382","61086","254712"
"Zcz17","2017-04-24T00:00:00-05:00","2017-04-24","383","385.5","380.5","383.5","55596","255541"
"Zcz17","2017-04-25T00:00:00-05:00","2017-04-25","383.5","392","380.25","389","71127","255602"
"Zcz17","2017-04-26T00:00:00-05:00","2017-04-26","388.75","391.75","383.25","384.25","49635","254470"
"Zcz17","2017-04-27T00:00:00-05:00","2017-04-27","383.75","388.75","383.25","386.75","46478","254799"
"Zcz17","2017-04-28T00:00:00-05:00","2017-04-28","385.25","387","381.75","385","54889","258129"
"Zcz17","2017-05-01T00:00:00-05:00","2017-05-01","389.25","395.75","387.5","394.5","96039","261202"
"Zcz17","2017-05-02T00:00:00-05:00","2017-05-02","393.75","395.25","387.75","390","70810","262078"
"Zcz17","2017-05-03T00:00:00-05:00","2017-05-03","390","393.5","387.75","392.25","46934","263140"
"Zcz17","2017-05-04T00:00:00-05:00","2017-05-04","392","393.5","383.75","384.5","60885","267416"
"Zcz17","2017-05-05T00:00:00-05:00","2017-05-05","385.5","391.25","384.5","388.5","50183","268019"
"Zcz17","2017-05-08T00:00:00-05:00","2017-05-08","387.25","389","383.25","384.25","38172","273057"
"Zcz17","2017-05-09T00:00:00-05:00","2017-05-09","384","387.5","384","385","40296","275337"
"Zcz17","2017-05-10T00:00:00-05:00","2017-05-10","384.75","391.75","384","391.5","77307","272251"
"Zcz17","2017-05-11T00:00:00-05:00","2017-05-11","390.75","391.5","386.75","387.25","36687","274195"
"Zcz17","2017-05-12T00:00:00-05:00","2017-05-12","387","389.25","386","388.75","26868","276652"
"Zcz17","2017-05-15T00:00:00-05:00","2017-05-15","388.25","389.5","385","385.25","29182","277858"
"Zcz17","2017-05-16T00:00:00-05:00","2017-05-16","384.75","386.5","382.75","385.5","31135","276406"
"Zcz17","2017-05-17T00:00:00-05:00","2017-05-17","384.5","389.5","384","389","43129","279649"
"Zcz17","2017-05-18T00:00:00-05:00","2017-05-18","388.75","388.75","382","384","61698","281102"
"Zcz17","2017-05-19T00:00:00-05:00","2017-05-19","384","390.75","384","390.25","85295","283663"
"Zcz17","2017-05-22T00:00:00-05:00","2017-05-22","390.75","395","389.5","392.75","55874","287493"
"Zcz17","2017-05-23T00:00:00-05:00","2017-05-23","392.5","393.25","387","387.75","57258","285535"
"Zcz17","2017-05-24T00:00:00-05:00","2017-05-24","388.25","389.75","387","389.75","26778","286400"
"Zcz17","2017-05-25T00:00:00-05:00","2017-05-25","389.5","391.25","387","387.5","37887","289249"
"Zcz17","2017-05-26T00:00:00-05:00","2017-05-26","387.5","393","386.75","392.5","37880","289809"
"Zcz17","2017-05-30T00:00:00-05:00","2017-05-30","391.75","392","384.75","385.75","73422","293592"
"Zcz17","2017-05-31T00:00:00-05:00","2017-05-31","388.5","394.75","388","391","94205","297806"
"Zcz17","2017-06-01T00:00:00-05:00","2017-06-01","390.25","392.5","386.25","389.25","55659","302288"
"Zcz17","2017-06-02T00:00:00-05:00","2017-06-02","389.25","393","388","391","40194","305503"
"Zcz17","2017-06-05T00:00:00-05:00","2017-06-05","392.5","394","390.5","392","68211","317704"
"Zcz17","2017-06-06T00:00:00-05:00","2017-06-06","390.75","398","390","395.75","107789","325640"
"Zcz17","2017-06-07T00:00:00-05:00","2017-06-07","396.5","404","396.25","402.5","221308","360198"
"Zcz17","2017-06-08T00:00:00-05:00","2017-06-08","402.5","409","402","403.75","163885","375277"
"Zcz17","2017-06-09T00:00:00-05:00","2017-06-09","402","407","398.5","406","99775","386125"
"Zcz17","2017-06-12T00:00:00-05:00","2017-06-12","404","405.25","394.25","395.5","147056","389243"
"Zcz17","2017-06-13T00:00:00-05:00","2017-06-13","397.5","401.75","395.75","399","91201","390921"
"Zcz17","2017-06-14T00:00:00-05:00","2017-06-14","399","403.25","395","395.5","90662","394386"
"Zcz17","2017-06-15T00:00:00-05:00","2017-06-15","395.25","400","388.25","397.75","131673","397114"
"Zcz17","2017-06-16T00:00:00-05:00","2017-06-16","397","402.25","395","402","106005","405011"
"Zcz17","2017-06-19T00:00:00-05:00","2017-06-19","395.25","399.25","393","393.25","126597","421070"
"Zcz17","2017-06-20T00:00:00-05:00","2017-06-20","394.25","395.25","386.75","388","115864","426282"
"Zcz17","2017-06-21T00:00:00-05:00","2017-06-21","387.75","391.25","386","386.75","94893","431550"
"Zcz17","2017-06-22T00:00:00-05:00","2017-06-22","386.5","387.25","380.5","380.75","135626","445821"
"Zcz17","2017-06-23T00:00:00-05:00","2017-06-23","380.25","382.75","374","375.25","154657","456824"
"Zcz17","2017-06-26T00:00:00-05:00","2017-06-26","376.75","379.25","375","377","110134","467390"
"Zcz17","2017-06-27T00:00:00-05:00","2017-06-27","379","382","377.25","377.5","164722","482178"
"Zcz17","2017-06-28T00:00:00-05:00","2017-06-28","377.75","378.5","375.75","376.25","142225","494685"
"Zcz17","2017-06-29T00:00:00-05:00","2017-06-29","376.25","382.5","375.75","380","171580","498212"
"Zcz17","2017-06-30T00:00:00-05:00","2017-06-30","380.75","393.75","380","392","285548","492276"
"Zcz17","2017-07-03T00:00:00-05:00","2017-07-03","395","407","394.25","399.25","216728","491868"
"Zcz17","2017-07-05T00:00:00-05:00","2017-07-05","401.75","405","396.75","404","236639","499453"
"Zcz17","2017-07-06T00:00:00-05:00","2017-07-06","402","403.5","394","402.75","237099","492076"
"Zcz17","2017-07-07T00:00:00-05:00","2017-07-07","402","409","400.25","404.75","226851","491460"
"Zcz17","2017-07-10T00:00:00-05:00","2017-07-10","410","415","409","414.75","311923","512341"
"Zcz17","2017-07-11T00:00:00-05:00","2017-07-11","416","417.25","407","414.25","251887","523888"
"Zcz17","2017-07-12T00:00:00-05:00","2017-07-12","412.5","413.5","397.5","398.75","296240","540804"
"Zcz17","2017-07-13T00:00:00-05:00","2017-07-13","398.25","398.5","381.75","383","302777","532340"
"Zcz17","2017-07-14T00:00:00-05:00","2017-07-14","383.5","391.75","383","389.5","193911","534134"
"Zcz17","2017-07-17T00:00:00-05:00","2017-07-17","389","391.75","383.5","388","160869","544815"
"Zcz17","2017-07-18T00:00:00-05:00","2017-07-18","394","402","389","390.75","246036","557136"
"Zcz17","2017-07-19T00:00:00-05:00","2017-07-19","390","402.5","387.75","396.25","200514","552686"
"Zcz17","2017-07-20T00:00:00-05:00","2017-07-20","396.25","406.75","394.5","404.75","200792","550561"
"Zcz17","2017-07-21T00:00:00-05:00","2017-07-21","404.5","404.75","392.5","393.5","189749","558683"
"Zcz17","2017-07-24T00:00:00-05:00","2017-07-24","389","391.25","384.75","390.75","186181","558820"
"Zcz17","2017-07-25T00:00:00-05:00","2017-07-25","395.5","397.5","382","382.25","181982","562248"
"Zcz17","2017-07-26T00:00:00-05:00","2017-07-26","382","386.25","379.25","386","189034","557502"
"Zcz17","2017-07-27T00:00:00-05:00","2017-07-27","387.25","390.5","386.25","387.75","115998","559316"
"Zcz17","2017-07-28T00:00:00-05:00","2017-07-28","387","390.75","386.5","388","87455","564585"
"Zcz17","2017-07-31T00:00:00-05:00","2017-07-31","384.5","386","381.25","384.75","111901","573360"
"Zcz17","2017-08-01T00:00:00-05:00","2017-08-01","383","385.5","375.75","376.5","177898","585295"
"Zcz17","2017-08-02T00:00:00-05:00","2017-08-02","378.25","381.25","377.75","379","146612","595342"
"Zcz17","2017-08-03T00:00:00-05:00","2017-08-03","379","381.25","375","377.75","198161","612232"
"Zcz17","2017-08-04T00:00:00-05:00","2017-08-04","378","382.5","377.5","381","132570","606951"
"Zcz17","2017-08-07T00:00:00-05:00","2017-08-07","382.75","387","382.75","386.75","185421","611901"
"Zcz17","2017-08-08T00:00:00-05:00","2017-08-08","387","388.75","382.5","383.75","231187","614230"
"Zcz17","2017-08-09T00:00:00-05:00","2017-08-09","383.25","386.75","383","386.25","232030","624066"
"Zcz17","2017-08-10T00:00:00-05:00","2017-08-10","385.5","389","370.25","371","447844","652518"
"Zcz17","2017-08-11T00:00:00-05:00","2017-08-11","373","375.25","371","374.75","186658","662208"
"Zcz17","2017-08-14T00:00:00-05:00","2017-08-14","373","376.75","370","376.25","160904","668156"
"Zcz17","2017-08-15T00:00:00-05:00","2017-08-15","374.5","374.75","367.5","368.5","190952","682613"
"Zcz17","2017-08-16T00:00:00-05:00","2017-08-16","368.25","370","363.25","366.5","245461","684729"
"Zcz17","2017-08-17T00:00:00-05:00","2017-08-17","366.5","367.75","363.5","364.25","139440","694030"
"Zcz17","2017-08-18T00:00:00-05:00","2017-08-18","364","366.25","363.5","365.75","196035","700757"
"Zcz17","2017-08-21T00:00:00-05:00","2017-08-21","364.25","364.5","360.75","363","160575","709290"
"Zcz17","2017-08-22T00:00:00-05:00","2017-08-22","363","365.25","360","360","174312","728139"
"Zcz17","2017-08-23T00:00:00-05:00","2017-08-23","360.25","362.75","355.5","355.75","171728","745185"
"Zcz17","2017-08-24T00:00:00-05:00","2017-08-24","355.5","356.75","354.5","356.25","165017","760465"
"Zcz17","2017-08-25T00:00:00-05:00","2017-08-25","356.25","357","352.5","353.5","186711","781755"
"Zcz17","2017-08-28T00:00:00-05:00","2017-08-28","353.25","355","350.5","351","154193","790370"
"Zcz17","2017-08-29T00:00:00-05:00","2017-08-29","350.75","351","347","348.75","211654","781645"
"Zcz17","2017-08-30T00:00:00-05:00","2017-08-30","348.25","349.25","345","345.5","238522","781731"
"Zcz17","2017-08-31T00:00:00-05:00","2017-08-31","345","358.5","344.25","357.75","281176","781766"
"Zcz17","2017-09-01T00:00:00-05:00","2017-09-01","357","360.75","353.25","355.25","184320","794649"
"Zcz17","2017-09-05T00:00:00-05:00","2017-09-05","354.75","360.5","354.75","358.5","145622","799417"
"Zcz17","2017-09-06T00:00:00-05:00","2017-09-06","357.5","362","356","361","131593","805431"
"Zcz17","2017-09-07T00:00:00-05:00","2017-09-07","360","360.25","354.75","355.25","124159","807511"
"Zcz17","2017-09-08T00:00:00-05:00","2017-09-08","355.25","358.75","355","356.75","117811","803092"
"Zcz17","2017-09-11T00:00:00-05:00","2017-09-11","356.5","359.25","354.75","357.5","129969","799012"
"Zcz17","2017-09-12T00:00:00-05:00","2017-09-12","357","357.25","345.5","351.5","273098","802671"
"Zcz17","2017-09-13T00:00:00-05:00","2017-09-13","351","356.75","350.25","351.5","156117","802965"
"Zcz17","2017-09-14T00:00:00-05:00","2017-09-14","353","356.25","352.5","354.25","108639","803542"
"Zcz17","2017-09-15T00:00:00-05:00","2017-09-15","353.5","355.5","352.5","354.75","117683","798869"
"Zcz17","2017-09-18T00:00:00-05:00","2017-09-18","353.25","355.5","350.5","351.5","113073","799619"
"Zcz17","2017-09-19T00:00:00-05:00","2017-09-19","351","353.25","346.5","348.25","159676","806172"
"Zcz17","2017-09-20T00:00:00-05:00","2017-09-20","348","351.5","347.25","350","112067","806730"
"Zcz17","2017-09-21T00:00:00-05:00","2017-09-21","349.5","351.25","348.5","350.25","93436","810779"
"Zcz17","2017-09-22T00:00:00-05:00","2017-09-22","349.75","356.25","349.5","353.5","138975","808988"
"Zcz17","2017-09-25T00:00:00-05:00","2017-09-25","352.75","355","351.25","353.75","109525","807268"
"Zcz17","2017-09-26T00:00:00-05:00","2017-09-26","352.75","355.5","351.5","352.25","176191","800544"
"Zcz17","2017-09-27T00:00:00-05:00","2017-09-27","352","354.5","348.5","354","186064","792494"
"Zcz17","2017-09-28T00:00:00-05:00","2017-09-28","353.25","353.75","350.5","352.5","134798","792061"
"Zcz17","2017-09-29T00:00:00-05:00","2017-09-29","352.25","358","350","355.25","241959","801954"
"Zcz17","2017-10-02T00:00:00-05:00","2017-10-02","354.75","356.25","351","351.5","187887","802632"
"Zcz17","2017-10-03T00:00:00-05:00","2017-10-03","351.5","351.5","348.75","349.5","191401","808649"
"Zcz17","2017-10-04T00:00:00-05:00","2017-10-04","349.25","349.5","346","348.25","168210","811347"
"Zcz17","2017-10-05T00:00:00-05:00","2017-10-05","348.25","351.25","347.5","349.5","112667","808037"
"Zcz17","2017-10-06T00:00:00-05:00","2017-10-06","349.25","351","348.5","350","140440","798350"
"Zcz17","2017-10-09T00:00:00-05:00","2017-10-09","350.5","351.75","348","349.5","111794","792226"
"Zcz17","2017-10-10T00:00:00-05:00","2017-10-10","349","351.25","348.25","349.25","113927","789373"
"Zcz17","2017-10-11T00:00:00-05:00","2017-10-11","348.75","349","345.5","346","164712","795006"
"Zcz17","2017-10-12T00:00:00-05:00","2017-10-12","346","354","342.5","349","332718","791704"
"Zcz17","2017-10-13T00:00:00-05:00","2017-10-13","348.5","353.5","348.25","352.75","155337","784307"
"Zcz17","2017-10-16T00:00:00-05:00","2017-10-16","352.75","353.25","349.75","350.5","142217","778885"
"Zcz17","2017-10-17T00:00:00-05:00","2017-10-17","350.25","351.75","348.5","350","137777","777081"
"Zcz17","2017-10-18T00:00:00-05:00","2017-10-18","350.25","350.5","347.75","348.5","132775","778466"
"Zcz17","2017-10-19T00:00:00-05:00","2017-10-19","348.75","351.5","348.5","349","128707","780422"
"Zcz17","2017-10-20T00:00:00-05:00","2017-10-20","349","350","344.25","344.5","192805","792898"
"Zcz17","2017-10-23T00:00:00-05:00","2017-10-23","344.25","351.75","343","351.25","256748","781502"
"Zcz17","2017-10-24T00:00:00-05:00","2017-10-24","351","353","349.5","352.75","214405","773983"
"Zcz17","2017-10-25T00:00:00-05:00","2017-10-25","352.5","355.25","350.5","351","200921","764330"
"Zcz17","2017-10-26T00:00:00-05:00","2017-10-26","350.75","352","349.5","350.5","148533","761979"
"Zcz17","2017-10-27T00:00:00-05:00","2017-10-27","350.25","350.25","347.5","348.75","171571","761069"
"Zcz17","2017-10-30T00:00:00-05:00","2017-10-30","348.5","349.75","347.25","348.75","122255","759768"
"Zcz17","2017-10-31T00:00:00-05:00","2017-10-31","348","348.75","345.5","345.75","174825","772202"
"Zcz17","2017-11-01T00:00:00-05:00","2017-11-01","345.75","349.25","345.25","348.25","213757","770705"
"Zcz17","2017-11-02T00:00:00-05:00","2017-11-02","347.75","352","347.5","350.5","162576","755873"
"Zcz17","2017-11-03T00:00:00-05:00","2017-11-03","350.25","351","347.5","348.25","200476","761359"
"Zcz17","2017-11-06T00:00:00-06:00","2017-11-06","348.5","350.25","347.75","348","204475","732486"
"Zcz17","2017-11-07T00:00:00-06:00","2017-11-07","347.75","348.25","346.25","347.75","297238","696704"
"Zcz17","2017-11-08T00:00:00-06:00","2017-11-08","347.5","349","345.75","348.25","219586","671502"
"Zcz17","2017-11-09T00:00:00-06:00","2017-11-09","347.5","349.75","340.75","341.5","475087","644716"
"Zcz17","2017-11-10T00:00:00-06:00","2017-11-10","341.75","344","341","343.5","349164","603364"
"Zcz17","2017-11-13T00:00:00-06:00","2017-11-13","343.5","344","341.5","342.25","289722","577104"
"Zcz17","2017-11-14T00:00:00-06:00","2017-11-14","342","342.25","337.25","337.5","220983","568664"
"Zcz17","2017-11-15T00:00:00-06:00","2017-11-15","337.25","339","337","338.25","217010","540579"
"Zcz17","2017-11-16T00:00:00-06:00","2017-11-16","338.25","339","336.25","336.5","186656","522895"
"Zcz17","2017-11-17T00:00:00-06:00","2017-11-17","336.5","343.5","336.5","343","352932","466868"
"Zcz17","2017-11-20T00:00:00-06:00","2017-11-20","342.5","345.25","341.5","345","289331","423068"
"Zcz17","2017-11-21T00:00:00-06:00","2017-11-21","344","345.75","342.75","345","257461","365980"
"Zcz17","2017-11-22T00:00:00-06:00","2017-11-22","344.25","347","344","345.25","184444","324101"
"Zcz17","2017-11-24T00:00:00-06:00","2017-11-24","344.25","345.75","339.75","342.25","163454","249928"
"Zcz17","2017-11-27T00:00:00-06:00","2017-11-27","342.5","342.5","338.5","338.75","281557","183242"
"Zcz17","2017-11-28T00:00:00-06:00","2017-11-28","339","339.5","335.75","336.25","183164","114110"
"Zcz17","2017-11-29T00:00:00-06:00","2017-11-29","335.75","340","335.5","339","234591","20320"
"Zcz17","2017-11-30T00:00:00-06:00","2017-11-30","339.25","343","337.5","341.75","26041","9538"
"Zcz17","2017-12-01T00:00:00-06:00","2017-12-01","341.75","345.25","341","344.75","10232","7367"
"Zcz17","2017-12-04T00:00:00-06:00","2017-12-04","344.75","346","338.75","339.5","9370","5598"
"Zcz17","2017-12-05T00:00:00-06:00","2017-12-05","339.75","343","338.5","339.75","7536","4785"
"Zcz17","2017-12-06T00:00:00-06:00","2017-12-06","339","341.5","337.75","339.25","5515","3179"
"Zcz17","2017-12-07T00:00:00-06:00","2017-12-07","339","340","337.5","338.75","2891","1954"
"Zcz17","2017-12-08T00:00:00-06:00","2017-12-08","338.5","341.25","338.5","340","1283","1206"
"Zcz17","2017-12-11T00:00:00-06:00","2017-12-11","340","340","336","336.5","1064","884"
"Zcz17","2017-12-12T00:00:00-06:00","2017-12-12","336.5","340.75","335.25","335.75","850","503"
"Zcz17","2017-12-13T00:00:00-06:00","2017-12-13","337.25","337.5","336.5","336.75","360","170"
"Zcz17","2017-12-14T00:00:00-06:00","2017-12-14","337","338","336.25","336.25","151","0"
